Date,Overall AQI Value,Main Pollutant,Site Name (of Overall AQI),Site ID (of Overall AQI),Source (of Overall AQI),CO,Ozone,SO2,PM10,PM25,NO2
01/01/2018,139,PM2.5,Donovan,06-073-1014,AQS,11,54,0,.,139,33
01/02/2018,94,PM2.5,Donovan,06-073-1014,AQS,15,48,0,48,94,47
01/03/2018,94,PM2.5,Chula Vista,06-073-0001,AQS,14,40,0,.,94,42
01/04/2018,76,PM2.5,Donovan,06-073-1014,AQS,15,44,0,.,76,49
01/05/2018,78,PM2.5,Donovan,06-073-1014,AQS,16,35,0,26,78,43
01/06/2018,82,PM2.5,Donovan,06-073-1014,AQS,11,35,0,.,82,45
01/07/2018,67,PM2.5,Donovan,06-073-1014,AQS,14,39,0,.,67,28
01/08/2018,68,PM2.5,Donovan,06-073-1014,AQS,14,36,0,51,68,41
01/09/2018,46,PM2.5,Pala Airpad,06-073-1201,AQS,10,44,0,.,46,21
01/10/2018,41,Ozone,La Posta Reservation,06-073-1011,AQS,10,41,0,.,40,24
01/11/2018,49,PM2.5,El Cajon - Lexington Elementary School,06-073-1022,AQS,13,42,0,19,49,32
01/12/2018,76,PM2.5,Camp Pendleton,06-073-1008,AQS,14,44,0,.,76,38
01/13/2018,56,PM2.5,El Cajon - Lexington Elementary School,06-073-1022,AQS,11,44,0,.,56,36
01/14/2018,51,PM2.5,El Cajon - Lexington Elementary School,06-073-1022,AQS,9,50,0,15,51,32
01/15/2018,59,PM2.5,El Cajon - Lexington Elementary School,06-073-1022,AQS,10,51,0,.,59,34
01/16/2018,64,PM2.5,Camp Pendleton,06-073-1008,AQS,10,54,0,.,64,30
01/17/2018,88,PM2.5,Camp Pendleton,06-073-1008,AQS,14,48,0,33,88,49
01/18/2018,72,PM2.5,Camp Pendleton,06-073-1008,AQS,14,44,0,.,72,36
01/19/2018,63,PM2.5,El Cajon - Lexington Elementary School,06-073-1022,AQS,9,42,0,.,63,27
01/20/2018,68,PM2.5,Pala Airpad,06-073-1201,AQS,6,43,0,29,68,28
01/21/2018,55,PM2.5,El Cajon - Lexington Elementary School,06-073-1022,AQS,9,41,1,.,55,25
01/22/2018,52,PM2.5,El Cajon - Lexington Elementary School,06-073-1022,AQS,11,39,0,.,52,36
01/23/2018,56,PM2.5,El Cajon - Lexington Elementary School,06-073-1022,AQS,11,42,0,21,56,41
01/24/2018,51,PM2.5,El Cajon - Lexington Elementary School,06-073-1022,AQS,9,41,.,.,51,43
01/25/2018,47,PM2.5,Donovan,06-073-1014,AQS,10,40,0,.,47,32
01/26/2018,47,PM2.5,Camp Pendleton,06-073-1008,AQS,10,43,0,25,47,35
01/27/2018,63,PM2.5,El Cajon - Lexington Elementary School,06-073-1022,AQS,11,44,0,.,63,42
01/28/2018,54,PM2.5,El Cajon - Lexington Elementary School,06-073-1022,AQS,11,43,0,.,54,33
01/29/2018,40,Ozone,Alpine,06-073-1006,AQS,8,40,0,17,33,38
01/30/2018,41,NO2,Chula Vista,06-073-0001,AQS,13,39,0,.,37,41
01/31/2018,59,PM2.5,Donovan,06-073-1014,AQS,13,47,0,.,59,47
02/01/2018,71,Ozone,Donovan,06-073-1014,AQS,15,71,0,42,63,52
02/02/2018,71,PM2.5,Camp Pendleton,06-073-1008,AQS,15,50,0,27,71,48
02/03/2018,101,Ozone,Kearny Villa Rd.,06-073-1016,AQS,15,101,0,.,83,38
02/04/2018,101,Ozone,Kearny Villa Rd.,06-073-1016,AQS,13,101,0,26,64,39
02/05/2018,84,Ozone,Alpine,06-073-1006,AQS,13,84,0,.,64,37
02/06/2018,70,PM2.5,El Cajon - Lexington Elementary School,06-073-1022,AQS,10,50,0,.,70,27
02/07/2018,71,PM2.5,Camp Pendleton,06-073-1008,AQS,13,49,0,27,71,51
02/08/2018,62,PM2.5,Camp Pendleton,06-073-1008,AQS,13,51,0,.,62,48
02/09/2018,101,Ozone,La Posta Reservation,06-073-1011,AQS,13,101,0,.,75,37
02/10/2018,80,Ozone,La Posta Reservation,06-073-1011,AQS,10,80,0,28,63,25
02/11/2018,87,PM2.5,La Posta Reservation,06-073-1011,AQS,9,48,0,.,87,19
02/12/2018,66,PM2.5,Pala Airpad,06-073-1201,AQS,8,44,0,.,66,15
02/13/2018,51,PM2.5,Pala Airpad,06-073-1201,AQS,8,44,0,19,51,30
02/14/2018,49,PM2.5,Donovan,06-073-1014,AQS,7,44,0,.,49,31
02/15/2018,48,Ozone,La Posta Reservation,06-073-1011,AQS,10,48,0,17,41,38
02/16/2018,61,Ozone,La Posta Reservation,06-073-1011,AQS,11,61,0,16,41,38
02/17/2018,58,Ozone,Alpine,06-073-1006,AQS,9,58,0,.,41,36
02/18/2018,51,PM2.5,Donovan,06-073-1014,AQS,8,44,0,.,51,26
02/19/2018,143,PM2.5,La Posta Reservation,06-073-1011,AQS,5,46,0,29,143,14
02/20/2018,53,PM2.5,La Posta Reservation,06-073-1011,AQS,8,47,0,.,53,32
02/21/2018,50,PM2.5,El Cajon - Lexington Elementary School,06-073-1022,AQS,8,46,0,.,50,33
02/22/2018,45,Ozone,La Posta Reservation,06-073-1011,AQS,7,45,0,17,41,31
02/23/2018,48,Ozone,La Posta Reservation,06-073-1011,AQS,8,48,.,.,37,26
02/24/2018,54,Ozone,La Posta Reservation,06-073-1011,AQS,9,54,0,.,49,31
02/25/2018,54,Ozone,Camp Pendleton,06-073-1008,AQS,9,54,0,21,52,36
02/26/2018,64,Ozone,La Posta Reservation,06-073-1011,AQS,9,64,0,.,51,37
02/27/2018,45,Ozone,La Posta Reservation,06-073-1011,AQS,8,45,.,.,43,20
02/28/2018,48,Ozone,La Posta Reservation,06-073-1011,AQS,9,48,0,11,37,32
03/01/2018,54,Ozone,La Posta Reservation,06-073-1011,AQS,8,54,.,.,40,27
03/02/2018,42,Ozone,La Posta Reservation,06-073-1011,AQS,9,42,0,.,32,28
03/03/2018,46,Ozone,La Posta Reservation,06-073-1011,AQS,6,46,0,11,25,26
03/04/2018,49,Ozone,La Posta Reservation,06-073-1011,AQS,7,49,0,.,24,24
03/05/2018,51,Ozone,Alpine,06-073-1006,AQS,8,51,0,.,35,39
03/06/2018,54,Ozone,La Posta Reservation,06-073-1011,AQS,9,54,0,13,21,45
03/07/2018,61,Ozone,La Posta Reservation,06-073-1011,AQS,9,61,0,.,44,41
03/08/2018,71,Ozone,Alpine,06-073-1006,AQS,10,71,0,.,26,35
03/09/2018,50,Ozone,Alpine,06-073-1006,AQS,8,50,0,31,38,35
03/10/2018,61,PM2.5,Donovan,06-073-1014,AQS,7,33,0,.,61,25
03/11/2018,38,Ozone,La Posta Reservation,06-073-1011,AQS,7,38,0,.,36,10
03/12/2018,43,Ozone,La Posta Reservation,06-073-1011,AQS,7,43,0,11,34,12
03/13/2018,46,PM2.5,Donovan,06-073-1014,AQS,7,39,0,.,46,25
03/14/2018,43,Ozone,La Posta Reservation,06-073-1011,AQS,5,43,0,.,32,12
03/15/2018,46,Ozone,La Posta Reservation,06-073-1011,AQS,6,46,0,12,45,18
03/16/2018,45,PM2.5,Donovan,06-073-1014,AQS,6,45,0,.,45,30
03/17/2018,44,Ozone,La Posta Reservation,06-073-1011,AQS,6,44,0,.,25,22
03/18/2018,46,Ozone,La Posta Reservation,06-073-1011,AQS,6,46,0,6,18,18
03/19/2018,50,Ozone,La Posta Reservation,06-073-1011,AQS,8,50,0,.,35,28
03/20/2018,74,Ozone,La Posta Reservation,06-073-1011,AQS,8,74,0,.,49,28
03/21/2018,71,Ozone,La Posta Reservation,06-073-1011,AQS,8,71,0,32,47,39
03/22/2018,50,PM2.5,Donovan,06-073-1014,AQS,8,34,0,.,50,27
03/23/2018,45,Ozone,Alpine,06-073-1006,AQS,6,45,0,13,38,20
03/24/2018,49,Ozone,La Posta Reservation,06-073-1011,AQS,7,49,0,15,23,14
03/25/2018,50,Ozone,La Posta Reservation,06-073-1011,AQS,6,50,0,.,34,17
03/26/2018,49,Ozone,Alpine,06-073-1006,AQS,7,49,0,.,30,29
03/27/2018,54,Ozone,Alpine,06-073-1006,AQS,9,54,0,25,38,33
03/28/2018,54,Ozone,Alpine,06-073-1006,AQS,9,54,0,.,41,37
03/29/2018,74,Ozone,Alpine,06-073-1006,AQS,8,74,0,.,63,34
03/30/2018,67,Ozone,Alpine,06-073-1006,AQS,10,67,0,20,62,29
03/31/2018,71,Ozone,La Posta Reservation,06-073-1011,AQS,10,71,0,.,55,22
04/01/2018,64,Ozone,La Posta Reservation,06-073-1011,AQS,7,64,0,.,59,11
04/02/2018,62,PM2.5,Pala Airpad,06-073-1201,AQS,7,58,0,19,62,23
04/03/2018,74,Ozone,La Posta Reservation,06-073-1011,AQS,6,74,0,18,54,29
04/04/2018,77,Ozone,La Posta Reservation,06-073-1011,AQS,6,77,0,20,58,18
04/05/2018,71,Ozone,La Posta Reservation,06-073-1011,AQS,8,71,0,21,62,20
04/06/2018,58,PM2.5,Pala Airpad,06-073-1201,AQS,8,51,0,.,58,25
04/07/2018,58,PM2.5,Pala Airpad,06-073-1201,AQS,7,33,0,.,58,14
04/08/2018,51,PM2.5,Pala Airpad,06-073-1201,AQS,7,47,0,18,51,23
04/09/2018,71,PM2.5,Donovan,06-073-1014,AQS,9,64,0,.,71,35
04/10/2018,90,Ozone,Alpine,06-073-1006,AQS,10,90,0,.,79,40
04/11/2018,61,Ozone,Alpine,06-073-1006,AQS,7,61,0,25,59,31
04/12/2018,67,Ozone,Alpine,06-073-1006,AQS,6,67,0,.,57,26
04/13/2018,71,Ozone,El Cajon - Lexington Elementary School,06-073-1022,AQS,10,71,0,.,61,32
04/14/2018,93,Ozone,Camp Pendleton,06-073-1008,AQS,11,93,0,30,44,38
04/15/2018,100,Ozone,Alpine,06-073-1006,AQS,10,100,0,.,53,27
04/16/2018,72,PM2.5,La Posta Reservation,06-073-1011,AQS,7,49,0,.,72,24
04/17/2018,64,Ozone,Alpine,06-073-1006,AQS,7,64,0,15,57,17
04/18/2018,90,Ozone,La Posta Reservation,06-073-1011,AQS,7,90,0,.,54,31
04/19/2018,50,Ozone,La Posta Reservation,06-073-1011,AQS,6,50,0,.,43,18
04/20/2018,61,Ozone,Alpine,06-073-1006,AQS,7,61,0,20,37,20
04/21/2018,84,Ozone,La Posta Reservation,06-073-1011,AQS,9,84,0,.,56,31
04/22/2018,90,Ozone,Alpine,06-073-1006,AQS,10,90,0,.,58,25
04/23/2018,93,Ozone,La Posta Reservation,06-073-1011,AQS,7,93,0,24,60,20
04/24/2018,87,Ozone,La Posta Reservation,06-073-1011,AQS,6,87,0,.,62,22
04/25/2018,80,Ozone,La Posta Reservation,06-073-1011,AQS,5,80,0,.,68,20
04/26/2018,84,Ozone,La Posta Reservation,06-073-1011,AQS,5,84,0,38,65,18
04/27/2018,77,Ozone,La Posta Reservation,06-073-1011,AQS,6,77,0,.,66,19
04/28/2018,67,Ozone,Alpine,06-073-1006,AQS,6,67,0,.,66,16
04/29/2018,64,PM2.5,Pala Airpad,06-073-1201,AQS,5,50,0,24,64,9
04/30/2018,63,PM2.5,Pala Airpad,06-073-1201,AQS,5,49,0,.,63,20
05/01/2018,58,Ozone,Alpine,06-073-1006,AQS,6,58,0,.,50,25
05/02/2018,57,PM2.5,Pala Airpad,06-073-1201,AQS,6,44,0,13,57,24
05/03/2018,58,Ozone,Alpine,06-073-1006,AQS,7,58,0,.,47,25
05/04/2018,101,Ozone,Kearny Villa Rd.,06-073-1016,AQS,7,101,0,34,61,34
05/05/2018,129,Ozone,El Cajon - Lexington Elementary School,06-073-1022,AQS,8,129,0,20,73,28
05/06/2018,100,Ozone,Alpine,06-073-1006,AQS,6,100,0,.,74,18
05/07/2018,105,Ozone,La Posta Reservation,06-073-1011,AQS,6,105,0,.,59,22
05/08/2018,100,Ozone,La Posta Reservation,06-073-1011,AQS,6,100,0,39,56,23
05/09/2018,115,Ozone,La Posta Reservation,06-073-1011,AQS,6,115,0,29,62,18
05/10/2018,87,Ozone,La Posta Reservation,06-073-1011,AQS,6,87,0,26,64,22
05/11/2018,59,PM2.5,Pala Airpad,06-073-1201,AQS,5,49,0,19,59,21
05/12/2018,54,PM2.5,Pala Airpad,06-073-1201,AQS,6,48,0,.,54,15
05/13/2018,51,Ozone,La Posta Reservation,06-073-1011,AQS,5,51,0,.,31,16
05/14/2018,61,Ozone,La Posta Reservation,06-073-1011,AQS,5,61,0,26,33,22
05/15/2018,84,Ozone,La Posta Reservation,06-073-1011,AQS,6,84,.,.,45,22
05/16/2018,61,Ozone,La Posta Reservation,06-073-1011,AQS,5,61,0,.,41,19
05/17/2018,74,Ozone,La Posta Reservation,06-073-1011,AQS,5,74,0,17,32,22
05/18/2018,48,Ozone,La Posta Reservation,06-073-1011,AQS,6,48,0,.,36,24
05/19/2018,58,Ozone,La Posta Reservation,06-073-1011,AQS,7,58,0,.,46,16
05/20/2018,54,Ozone,La Posta Reservation,06-073-1011,AQS,6,54,0,25,45,12
05/21/2018,47,Ozone,La Posta Reservation,06-073-1011,AQS,6,47,0,.,38,21
05/22/2018,47,Ozone,La Posta Reservation,06-073-1011,AQS,5,47,0,.,43,17
05/23/2018,61,Ozone,La Posta Reservation,06-073-1011,AQS,5,61,0,14,38,23
05/24/2018,43,PM2.5,Pala Airpad,06-073-1201,AQS,6,38,0,.,43,18
05/25/2018,44,Ozone,Alpine,06-073-1006,AQS,5,44,0,.,22,20
05/26/2018,41,Ozone,La Posta Reservation,06-073-1011,AQS,5,41,0,17,20,14
05/27/2018,50,Ozone,La Posta Reservation,06-073-1011,AQS,5,50,0,.,35,8
05/28/2018,67,Ozone,La Posta Reservation,06-073-1011,AQS,5,67,0,.,43,9
05/29/2018,100,Ozone,La Posta Reservation,06-073-1011,AQS,6,100,0,21,54,18
05/30/2018,67,Ozone,La Posta Reservation,06-073-1011,AQS,5,67,0,.,57,22
05/31/2018,51,Ozone,La Posta Reservation,06-073-1011,AQS,5,51,0,.,33,21
06/01/2018,93,Ozone,La Posta Reservation,06-073-1011,AQS,7,93,0,30,36,18
06/02/2018,97,Ozone,Alpine,06-073-1006,AQS,6,97,0,.,48,19
06/03/2018,84,Ozone,La Posta Reservation,06-073-1011,AQS,6,84,4,.,61,12
06/04/2018,87,Ozone,La Posta Reservation,06-073-1011,AQS,6,87,0,30,61,19
06/05/2018,93,Ozone,La Posta Reservation,06-073-1011,AQS,5,93,0,.,65,19
06/06/2018,71,Ozone,Alpine,06-073-1006,AQS,5,71,0,.,63,18
06/07/2018,87,Ozone,La Posta Reservation,06-073-1011,AQS,5,87,0,41,58,19
06/08/2018,126,Ozone,La Posta Reservation,06-073-1011,AQS,6,126,0,.,56,25
06/09/2018,112,Ozone,Alpine,06-073-1006,AQS,7,112,0,.,56,23
06/10/2018,64,Ozone,La Posta Reservation,06-073-1011,AQS,6,64,0,34,61,15
06/11/2018,101,Ozone,Alpine,06-073-1006,AQS,6,101,0,.,59,21
06/12/2018,105,Ozone,Alpine,06-073-1006,AQS,6,105,0,.,59,20
06/13/2018,74,Ozone,Alpine,06-073-1006,AQS,7,74,0,36,54,20
06/14/2018,77,Ozone,Alpine,06-073-1006,AQS,6,77,0,.,60,24
06/15/2018,67,Ozone,Alpine,06-073-1006,AQS,6,67,0,.,60,20
06/16/2018,60,PM2.5,Pala Airpad,06-073-1201,AQS,6,44,0,15,60,13
06/17/2018,53,PM2.5,Pala Airpad,06-073-1201,AQS,3,41,0,.,53,8
06/18/2018,71,Ozone,La Posta Reservation,06-073-1011,AQS,5,71,0,.,27,16
06/19/2018,90,Ozone,La Posta Reservation,06-073-1011,AQS,6,90,0,32,41,19
06/20/2018,112,Ozone,La Posta Reservation,06-073-1011,AQS,6,112,0,.,57,20
06/21/2018,133,Ozone,Alpine,06-073-1006,AQS,6,133,0,.,59,20
06/22/2018,133,Ozone,Alpine,06-073-1006,AQS,6,133,0,24,62,19
06/23/2018,100,Ozone,La Posta Reservation,06-073-1011,AQS,6,100,0,.,60,15
06/24/2018,87,Ozone,La Posta Reservation,06-073-1011,AQS,5,87,0,.,57,8
06/25/2018,97,Ozone,La Posta Reservation,06-073-1011,AQS,6,97,0,34,55,17
06/26/2018,112,Ozone,La Posta Reservation,06-073-1011,AQS,6,112,0,.,56,17
06/27/2018,112,Ozone,La Posta Reservation,06-073-1011,AQS,6,112,0,.,44,18
06/28/2018,93,Ozone,La Posta Reservation,06-073-1011,AQS,5,93,0,26,49,22
06/29/2018,58,PM2.5,Pala Airpad,06-073-1201,AQS,6,49,0,.,58,18
06/30/2018,63,PM2.5,Pala Airpad,06-073-1201,AQS,5,54,0,.,63,10
07/01/2018,64,Ozone,La Posta Reservation,06-073-1011,AQS,6,64,0,33,53,10
07/02/2018,112,Ozone,La Posta Reservation,06-073-1011,AQS,5,112,0,.,29,14
07/03/2018,87,Ozone,La Posta Reservation,06-073-1011,AQS,5,87,0,.,37,16
07/04/2018,93,Ozone,La Posta Reservation,06-073-1011,AQS,5,93,0,18,42,11
07/05/2018,101,Ozone,Alpine,06-073-1006,AQS,7,101,0,.,63,21
07/06/2018,129,Ozone,El Cajon - Lexington Elementary School,06-073-1022,AQS,9,129,0,.,64,23
07/07/2018,108,Ozone,Alpine,06-073-1006,AQS,9,108,0,50,70,26
07/08/2018,93,Ozone,La Posta Reservation,06-073-1011,AQS,10,93,0,.,69,24
07/09/2018,74,Ozone,La Posta Reservation,06-073-1011,AQS,8,74,0,.,63,29
07/10/2018,62,PM2.5,Pala Airpad,06-073-1201,AQS,6,43,0,20,62,19
07/11/2018,67,Ozone,Alpine,06-073-1006,AQS,7,67,0,.,62,16
07/12/2018,59,PM2.5,Pala Airpad,06-073-1201,AQS,5,58,0,.,59,17
07/13/2018,56,PM2.5,Pala Airpad,06-073-1201,AQS,6,48,0,35,56,13
07/14/2018,55,PM2.5,Pala Airpad,06-073-1201,AQS,6,50,0,.,55,11
07/15/2018,55,PM2.5,Pala Airpad,06-073-1201,AQS,6,48,0,.,55,9
07/16/2018,54,PM2.5,Pala Airpad,06-073-1201,AQS,7,54,0,20,54,17
07/17/2018,58,Ozone,Alpine,06-073-1006,AQS,6,58,0,.,52,12
07/18/2018,67,Ozone,Alpine,06-073-1006,AQS,6,67,0,.,45,17
07/19/2018,53,PM2.5,Pala Airpad,06-073-1201,AQS,5,50,0,30,53,13
07/20/2018,53,PM2.5,Pala Airpad,06-073-1201,AQS,5,45,0,.,53,15
07/21/2018,46,Ozone,Alpine,06-073-1006,AQS,6,46,0,.,39,8
07/22/2018,47,Ozone,Alpine,06-073-1006,AQS,6,47,0,12,28,14
07/23/2018,84,Ozone,Alpine,06-073-1006,AQS,6,84,0,.,40,17
07/24/2018,140,Ozone,Alpine,06-073-1006,AQS,7,140,0,.,59,25
07/25/2018,140,Ozone,Alpine,06-073-1006,AQS,6,140,0,45,65,18
07/26/2018,119,Ozone,Alpine,06-073-1006,AQS,7,119,0,.,70,25
07/27/2018,108,Ozone,Alpine,06-073-1006,AQS,7,108,.,.,71,20
07/28/2018,87,Ozone,Alpine,06-073-1006,AQS,6,87,0,23,64,13
07/29/2018,62,PM2.5,Pala Airpad,06-073-1201,AQS,6,44,0,.,62,9
07/30/2018,58,Ozone,La Posta Reservation,06-073-1011,AQS,7,58,0,.,57,21
07/31/2018,74,Ozone,Alpine,06-073-1006,AQS,6,74,0,18,48,17
08/01/2018,61,Ozone,La Posta Reservation,06-073-1011,AQS,6,61,.,15,43,17
08/02/2018,51,PM2.5,Donovan,06-073-1014,AQS,6,49,.,.,51,17
08/03/2018,71,Ozone,La Posta Reservation,06-073-1011,AQS,7,71,0,23,57,17
08/04/2018,77,Ozone,Alpine,06-073-1006,AQS,6,77,0,.,52,11
08/05/2018,80,Ozone,Alpine,06-073-1006,AQS,6,80,0,.,53,18
08/06/2018,122,Ozone,Alpine,06-073-1006,AQS,8,122,0,34,66,26
08/07/2018,115,Ozone,Alpine,06-073-1006,AQS,8,115,0,.,60,29
08/08/2018,66,PM2.5,Pala Airpad,06-073-1201,AQS,7,48,0,.,66,28
08/09/2018,87,Ozone,Alpine,06-073-1006,AQS,8,87,0,28,59,25
08/10/2018,73,PM2.5,Pala Airpad,06-073-1201,AQS,7,43,0,.,73,25
08/11/2018,53,PM2.5,Pala Airpad,06-073-1201,AQS,7,40,0,.,53,21
08/12/2018,46,PM2.5,Pala Airpad,06-073-1201,AQS,6,31,0,19,46,8
08/13/2018,45,Ozone,Alpine,06-073-1006,AQS,5,45,.,.,41,13
08/14/2018,52,PM2.5,Pala Airpad,06-073-1201,AQS,5,43,0,.,52,13
08/15/2018,48,PM2.5,Pala Airpad,06-073-1201,AQS,6,46,0,19,48,13
08/16/2018,54,Ozone,Alpine,06-073-1006,AQS,7,54,0,.,51,14
08/17/2018,74,Ozone,Alpine,06-073-1006,AQS,6,74,0,.,57,13
08/18/2018,66,PM2.5,Pala Airpad,06-073-1201,AQS,7,51,0,30,66,11
08/19/2018,71,Ozone,Alpine,06-073-1006,AQS,6,71,0,.,66,8
08/20/2018,84,Ozone,Alpine,06-073-1006,AQS,7,84,0,.,74,18
08/21/2018,87,Ozone,Alpine,06-073-1006,AQS,7,87,.,31,84,17
08/22/2018,89,PM2.5,Pala Airpad,06-073-1201,AQS,6,74,.,.,89,15
08/23/2018,74,Ozone,Alpine,06-073-1006,AQS,7,74,0,.,72,18
08/24/2018,93,PM2.5,Kearny Villa Rd.,06-073-1016,AQS,9,90,0,39,93,20
08/25/2018,110,PM2.5,Pala Airpad,06-073-1201,AQS,9,84,0,.,110,12
08/26/2018,142,PM2.5,Pala Airpad,06-073-1201,AQS,7,61,0,.,142,15
08/27/2018,93,Ozone,Alpine,06-073-1006,AQS,7,93,.,28,91,18
08/28/2018,83,PM2.5,Pala Airpad,06-073-1201,AQS,6,64,.,.,83,20
08/29/2018,75,PM2.5,Pala Airpad,06-073-1201,AQS,7,44,0,.,75,21
08/30/2018,64,Ozone,Alpine,06-073-1006,AQS,6,64,0,28,58,22
08/31/2018,100,Ozone,Alpine,06-073-1006,AQS,7,100,0,.,59,23
09/01/2018,77,PM2.5,Donovan,06-073-1014,AQS,6,74,0,.,77,14
09/02/2018,74,PM2.5,Pala Airpad,06-073-1201,AQS,5,48,0,29,74,10
09/03/2018,69,PM2.5,Pala Airpad,06-073-1201,AQS,5,47,0,.,69,9
09/04/2018,62,PM2.5,Pala Airpad,06-073-1201,AQS,6,46,0,.,62,17
09/05/2018,60,PM2.5,Pala Airpad,06-073-1201,AQS,5,58,0,28,60,9
09/06/2018,77,Ozone,Alpine,06-073-1006,AQS,6,77,0,.,39,14
09/07/2018,105,Ozone,Alpine,06-073-1006,AQS,7,105,0,.,50,21
09/08/2018,93,Ozone,Alpine,06-073-1006,AQS,8,93,0,26,61,18
09/09/2018,80,Ozone,Alpine,06-073-1006,AQS,13,80,0,.,69,25
09/10/2018,80,Ozone,Alpine,06-073-1006,AQS,7,80,0,.,62,20
09/11/2018,87,Ozone,Alpine,06-073-1006,AQS,6,87,0,41,65,23
09/12/2018,93,Ozone,Alpine,06-073-1006,AQS,6,93,0,.,67,22
09/13/2018,80,Ozone,Alpine,06-073-1006,AQS,8,80,0,.,45,22
09/14/2018,67,Ozone,Alpine,06-073-1006,AQS,8,67,0,24,57,29
09/15/2018,64,Ozone,Alpine,06-073-1006,AQS,8,64,0,.,56,20
09/16/2018,53,PM2.5,Pala Airpad,06-073-1201,AQS,7,51,0,.,53,16
09/17/2018,52,PM2.5,Pala Airpad,06-073-1201,AQS,6,49,0,40,52,23
09/18/2018,77,Ozone,Alpine,06-073-1006,AQS,6,77,0,.,45,24
09/19/2018,49,Ozone,El Cajon - Lexington Elementary School,06-073-1022,AQS,6,49,0,.,40,17
09/20/2018,84,Ozone,Alpine,06-073-1006,AQS,6,84,0,31,59,20
09/21/2018,97,Ozone,Alpine,06-073-1006,AQS,7,97,0,.,70,26
09/22/2018,108,Ozone,Alpine,06-073-1006,AQS,8,108,0,.,69,20
09/23/2018,69,PM2.5,Pala Airpad,06-073-1201,AQS,6,64,0,31,69,10
09/24/2018,62,PM2.5,Pala Airpad,06-073-1201,AQS,6,46,0,.,62,18
09/25/2018,56,PM2.5,Pala Airpad,06-073-1201,AQS,6,54,0,.,56,17
09/26/2018,55,PM2.5,Camp Pendleton,06-073-1008,AQS,6,51,0,30,55,17
09/27/2018,90,Ozone,Alpine,06-073-1006,AQS,7,90,0,.,69,28
09/28/2018,100,Ozone,Alpine,06-073-1006,AQS,7,100,0,.,78,22
09/29/2018,65,PM2.5,Pala Airpad,06-073-1201,AQS,7,46,0,24,65,13
09/30/2018,61,PM2.5,Pala Airpad,06-073-1201,AQS,7,44,0,.,61,14
10/01/2018,57,PM2.5,Donovan,06-073-1014,AQS,9,45,0,.,57,28
10/02/2018,46,PM2.5,Pala Airpad,06-073-1201,AQS,6,32,0,17,46,23
10/03/2018,52,PM2.5,Pala Airpad,06-073-1201,AQS,6,31,0,.,52,19
10/04/2018,42,PM2.5,Pala Airpad,06-073-1201,AQS,5,31,0,.,42,16
10/05/2018,38,Ozone,Alpine,06-073-1006,AQS,6,38,0,10,20,18
10/06/2018,54,PM2.5,Donovan,06-073-1014,AQS,6,39,0,.,54,16
10/07/2018,43,PM2.5,Pala Airpad,06-073-1201,AQS,6,43,0,.,43,17
10/08/2018,55,PM2.5,Donovan,06-073-1014,AQS,6,48,0,21,55,23
10/09/2018,56,PM2.5,Pala Airpad,06-073-1201,AQS,6,44,0,19,56,19
10/10/2018,54,PM2.5,Pala Airpad,06-073-1201,AQS,6,44,0,.,54,20
10/11/2018,48,PM2.5,Pala Airpad,06-073-1201,AQS,7,41,0,26,48,25
10/12/2018,42,PM2.5,Pala Airpad,06-073-1201,AQS,7,42,0,.,42,26
10/13/2018,49,PM2.5,Pala Airpad,06-073-1201,AQS,7,33,0,.,49,19
10/14/2018,42,Ozone,El Cajon - Lexington Elementary School,06-073-1022,AQS,7,42,0,11,30,22
10/15/2018,46,Ozone,Donovan,06-073-1014,AQS,8,46,0,.,44,27
10/16/2018,46,Ozone,Alpine,06-073-1006,AQS,10,46,0,.,43,45
10/17/2018,48,Ozone,Camp Pendleton,06-073-1008,AQS,10,48,3,34,42,43
10/18/2018,47,Ozone,Kearny Villa Rd.,06-073-1016,AQS,10,47,0,.,41,43
10/19/2018,47,Ozone,Alpine,06-073-1006,AQS,11,47,0,.,41,45
10/20/2018,61,Ozone,Donovan,06-073-1014,AQS,11,61,0,16,45,40
10/21/2018,87,Ozone,Alpine,06-073-1006,AQS,8,87,0,.,55,28
10/22/2018,53,PM2.5,Donovan,06-073-1014,AQS,6,47,0,.,53,22
10/23/2018,62,PM2.5,Pala Airpad,06-073-1201,AQS,6,61,0,33,62,23
10/24/2018,80,Ozone,Alpine,06-073-1006,AQS,7,80,0,.,77,25
10/25/2018,84,Ozone,Alpine,06-073-1006,AQS,8,84,0,.,73,28
10/26/2018,84,Ozone,Alpine,06-073-1006,AQS,11,84,0,30,71,41
10/27/2018,101,Ozone,Alpine,06-073-1006,AQS,13,101,0,.,81,27
10/28/2018,105,Ozone,Alpine,06-073-1006,AQS,10,105,0,.,68,22
10/29/2018,79,PM2.5,Donovan,06-073-1014,AQS,8,74,0,41,79,39
10/30/2018,72,PM2.5,Pala Airpad,06-073-1201,AQS,6,45,0,.,72,25
10/31/2018,69,PM2.5,Pala Airpad,06-073-1201,AQS,7,54,0,.,69,36
11/01/2018,61,PM2.5,Donovan,06-073-1014,AQS,10,51,0,.,61,36
11/02/2018,58,Ozone,Camp Pendleton,06-073-1008,AQS,10,58,0,.,56,35
11/03/2018,77,Ozone,Alpine,06-073-1006,AQS,10,77,0,24,57,35
11/04/2018,67,PM2.5,Donovan,06-073-1014,AQS,10,67,0,33,67,27
11/05/2018,70,PM2.5,Donovan,06-073-1014,AQS,10,58,0,.,70,32
11/06/2018,60,PM2.5,Pala Airpad,06-073-1201,AQS,6,44,0,.,60,21
11/07/2018,59,PM2.5,Pala Airpad,06-073-1201,AQS,7,51,0,27,59,20
11/08/2018,67,PM2.5,Pala Airpad,06-073-1201,AQS,7,64,0,.,67,29
11/09/2018,64,PM2.5,Pala Airpad,06-073-1201,AQS,7,48,0,.,64,38
11/10/2018,54,Ozone,Alpine,06-073-1006,AQS,9,54,0,30,48,38
11/11/2018,71,Ozone,Alpine,06-073-1006,AQS,10,71,0,.,64,31
11/12/2018,77,PM2.5,Pala Airpad,06-073-1201,AQS,7,42,0,.,77,32
11/13/2018,48,PM2.5,Pala Airpad,06-073-1201,AQS,7,44,0,26,48,34
11/14/2018,41,Ozone,Alpine,06-073-1006,AQS,9,41,0,.,36,38
11/15/2018,48,PM2.5,Donovan,06-073-1014,AQS,10,39,0,.,48,43
11/16/2018,70,PM2.5,Donovan,06-073-1014,AQS,10,46,0,46,70,47
11/17/2018,71,PM2.5,Donovan,06-073-1014,AQS,10,58,0,27,71,38
11/18/2018,65,PM2.5,Donovan,06-073-1014,AQS,10,51,0,.,65,25
11/19/2018,68,PM2.5,Camp Pendleton,06-073-1008,AQS,10,49,0,34,68,37
11/20/2018,70,PM2.5,Donovan,06-073-1014,AQS,10,48,.,.,70,33
11/21/2018,67,PM2.5,Pala Airpad,06-073-1201,AQS,10,44,0,.,67,30
11/22/2018,63,PM2.5,Pala Airpad,06-073-1201,AQS,7,37,0,14,63,26
11/23/2018,46,PM2.5,Donovan,06-073-1014,AQS,6,39,0,.,46,21
11/24/2018,53,PM2.5,Donovan,06-073-1014,AQS,7,37,0,.,53,21
11/25/2018,56,PM2.5,Donovan,06-073-1014,AQS,8,40,0,16,56,23
11/26/2018,42,Ozone,Alpine,06-073-1006,AQS,9,42,0,.,39,41
11/27/2018,44,PM2.5,El Cajon - Lexington Elementary School,06-073-1022,AQS,9,43,0,.,44,39
11/28/2018,58,PM2.5,Donovan,06-073-1014,AQS,9,42,0,31,58,34
11/29/2018,40,Ozone,Camp Pendleton,06-073-1008,AQS,5,40,0,8,37,20
11/30/2018,46,PM2.5,Camp Pendleton,06-073-1008,AQS,6,37,0,.,46,31
12/01/2018,42,PM2.5,El Cajon - Lexington Elementary School,06-073-1022,AQS,7,40,0,.,42,31
12/02/2018,54,PM2.5,Pala Airpad,06-073-1201,AQS,8,41,0,.,54,28
12/03/2018,44,PM2.5,El Cajon - Lexington Elementary School,06-073-1022,AQS,9,41,0,.,44,39
12/04/2018,56,PM2.5,El Cajon - Lexington Elementary School,06-073-1022,AQS,9,38,0,19,56,40
12/05/2018,43,PM2.5,El Cajon - Lexington Elementary School,06-073-1022,AQS,8,38,0,.,43,26
12/06/2018,39,PM2.5,Pala Airpad,06-073-1201,AQS,6,36,0,.,39,25
12/07/2018,37,PM2.5,El Cajon - Lexington Elementary School,06-073-1022,AQS,8,36,0,12,37,31
12/08/2018,55,PM2.5,El Cajon - Lexington Elementary School,06-073-1022,AQS,9,37,0,.,55,29
12/09/2018,67,PM2.5,El Cajon - Lexington Elementary School,06-073-1022,AQS,10,37,0,.,67,29
12/10/2018,64,PM2.5,Donovan,06-073-1014,AQS,10,35,0,28,64,31
12/11/2018,59,PM2.5,El Cajon - Lexington Elementary School,06-073-1022,AQS,8,35,0,.,59,32
12/12/2018,64,PM2.5,Donovan,06-073-1014,AQS,9,41,0,.,64,30
12/13/2018,65,PM2.5,Pala Airpad,06-073-1201,AQS,10,41,0,24,65,31
12/14/2018,67,PM2.5,El Cajon - Lexington Elementary School,06-073-1022,AQS,13,39,0,.,67,38
12/15/2018,61,PM2.5,El Cajon - Lexington Elementary School,06-073-1022,AQS,11,38,0,.,61,36
12/16/2018,66,PM2.5,El Cajon - Lexington Elementary School,06-073-1022,AQS,10,40,0,29,66,29
12/17/2018,57,PM2.5,Pala Airpad,06-073-1201,AQS,7,38,0,.,57,25
12/18/2018,62,PM2.5,Pala Airpad,06-073-1201,AQS,8,39,0,.,62,31
12/19/2018,77,PM2.5,Camp Pendleton,06-073-1008,AQS,10,43,.,26,77,41
12/20/2018,71,PM2.5,Donovan,06-073-1014,AQS,11,43,0,.,71,44
12/21/2018,112,PM2.5,Donovan,06-073-1014,AQS,15,41,0,.,112,47
12/22/2018,78,PM2.5,Donovan,06-073-1014,AQS,15,40,0,40,78,32
12/23/2018,82,PM2.5,Donovan,06-073-1014,AQS,10,43,0,.,82,29
12/24/2018,92,PM2.5,Donovan,06-073-1014,AQS,9,45,.,.,92,20
12/25/2018,92,PM2.5,Pala Airpad,06-073-1201,AQS,6,40,0,17,92,17
12/26/2018,61,PM2.5,Pala Airpad,06-073-1201,AQS,8,36,0,.,61,29
12/27/2018,54,PM2.5,Donovan,06-073-1014,AQS,9,34,0,.,54,26
12/28/2018,53,PM2.5,El Cajon - Lexington Elementary School,06-073-1022,AQS,10,38,0,17,53,36
12/29/2018,53,PM2.5,El Cajon - Lexington Elementary School,06-073-1022,AQS,8,38,0,.,53,27
12/30/2018,57,PM2.5,El Cajon - Lexington Elementary School,06-073-1022,AQS,9,39,0,.,57,20
12/31/2018,47,PM2.5,Donovan,06-073-1014,AQS,5,40,0,17,47,15
01/01/2019,58,PM2.5,El Cajon - Lexington Elementary School,06-073-1022,AQS,6,38,0,.,58,18
01/02/2019,40,PM2.5,Donovan,06-073-1014,AQS,9,39,0,.,40,37
01/03/2019,59,PM2.5,El Cajon - Lexington Elementary School,06-073-1022,AQS,9,41,0,13,59,37
01/04/2019,68,PM2.5,El Cajon - Lexington Elementary School,06-073-1022,AQS,10,41,0,.,68,40
01/05/2019,68,PM2.5,Donovan,06-073-1014,AQS,10,35,0,24,68,35
01/06/2019,55,PM2.5,Pala Airpad,06-073-1201,AQS,6,40,0,11,55,26
01/07/2019,44,PM2.5,Donovan,06-073-1014,AQS,8,37,0,.,44,30
01/08/2019,51,PM2.5,El Cajon - Lexington Elementary School,06-073-1022,AQS,11,38,0,.,51,42
01/09/2019,61,PM2.5,Donovan,06-073-1014,AQS,8,37,0,27,61,29
01/10/2019,52,PM2.5,Donovan,06-073-1014,AQS,7,36,0,.,52,29
01/11/2019,80,PM2.5,Donovan,06-073-1014,AQS,7,36,0,.,80,32
01/12/2019,58,PM2.5,El Cajon - Lexington Elementary School,06-073-1022,AQS,7,42,0,20,58,28
01/13/2019,53,PM2.5,El Cajon - Lexington Elementary School,06-073-1022,AQS,8,38,0,.,53,25
01/14/2019,56,PM2.5,El Cajon - Lexington Elementary School,06-073-1022,AQS,7,39,0,.,56,33
01/15/2019,47,PM2.5,El Cajon - Lexington Elementary School,06-073-1022,AQS,7,38,0,11,47,21
01/16/2019,36,Ozone,Alpine,06-073-1006,AQS,6,36,0,9,25,24
01/17/2019,52,PM2.5,Donovan,06-073-1014,AQS,5,32,0,.,52,24
01/18/2019,34,Ozone,Alpine,06-073-1006,AQS,7,34,0,17,33,22
01/19/2019,48,PM2.5,Pala Airpad,06-073-1201,AQS,9,38,0,.,48,31
01/20/2019,60,PM2.5,El Cajon - Lexington Elementary School,06-073-1022,AQS,9,34,0,.,60,26
01/21/2019,43,PM2.5,El Cajon - Lexington Elementary School,06-073-1022,AQS,8,41,0,17,43,26
01/22/2019,48,PM2.5,Donovan,06-073-1014,AQS,7,40,0,.,48,35
01/23/2019,52,PM2.5,El Cajon - Lexington Elementary School,06-073-1022,AQS,10,39,0,.,52,38
01/24/2019,101,Ozone,Pala Airpad,06-073-1201,AQS,9,101,0,15,44,40
01/25/2019,48,PM2.5,El Cajon - Lexington Elementary School,06-073-1022,AQS,9,44,0,.,48,42
01/26/2019,46,PM2.5,Donovan,06-073-1014,AQS,9,44,0,.,46,37
01/27/2019,53,PM2.5,El Cajon - Lexington Elementary School,06-073-1022,AQS,10,46,0,19,53,36
01/28/2019,66,PM2.5,Donovan,06-073-1014,AQS,11,44,0,.,66,44
01/29/2019,88,PM2.5,Donovan,06-073-1014,AQS,11,44,0,.,88,44
01/30/2019,74,PM2.5,Donovan,06-073-1014,AQS,6,40,0,29,74,25
01/31/2019,82,PM2.5,Pala Airpad,06-073-1201,AQS,5,32,0,.,82,23
02/01/2019,61,PM2.5,Pala Airpad,06-073-1201,AQS,7,36,0,.,61,20
02/02/2019,40,Ozone,Alpine,06-073-1006,AQS,3,40,0,10,32,15
02/03/2019,41,Ozone,Alpine,06-073-1006,AQS,5,41,0,.,31,28
02/04/2019,39,Ozone,Alpine,06-073-1006,AQS,3,39,0,.,27,18
02/05/2019,42,Ozone,Chula Vista,06-073-0001,AQS,5,42,0,6,26,24
02/06/2019,40,Ozone,El Cajon - Lexington Elementary School,06-073-1022,AQS,6,40,0,.,28,33
02/07/2019,43,Ozone,Alpine,06-073-1006,AQS,7,43,0,.,38,35
02/08/2019,50,PM2.5,Donovan,06-073-1014,AQS,7,44,0,19,50,32
02/09/2019,55,PM2.5,Donovan,06-073-1014,AQS,8,41,0,.,55,25
02/10/2019,45,PM2.5,Pala Airpad,06-073-1201,AQS,8,42,0,.,45,18
02/11/2019,46,Ozone,Alpine,06-073-1006,AQS,7,46,0,12,34,31
02/12/2019,56,PM2.5,Donovan,06-073-1014,AQS,10,40,0,.,56,46
02/13/2019,53,PM2.5,Donovan,06-073-1014,AQS,9,40,0,.,53,30
02/14/2019,41,Ozone,Alpine,06-073-1006,AQS,5,41,0,7,31,21
02/15/2019,43,Ozone,Chula Vista,06-073-0001,AQS,6,43,0,.,32,21
02/16/2019,43,Ozone,Alpine,06-073-1006,AQS,6,43,0,.,30,21
02/17/2019,44,Ozone,Chula Vista,06-073-0001,AQS,5,44,0,9,28,12
02/18/2019,43,Ozone,Kearny Villa Rd.,06-073-1016,AQS,6,43,0,.,33,37
02/19/2019,41,Ozone,Alpine,06-073-1006,AQS,7,41,0,.,38,37
02/20/2019,50,PM2.5,Donovan,06-073-1014,AQS,6,41,0,19,50,25
02/21/2019,40,Ozone,Chula Vista,06-073-0001,AQS,5,40,0,.,39,21
02/22/2019,41,Ozone,Alpine,06-073-1006,AQS,7,41,0,.,38,33
02/23/2019,47,Ozone,Alpine,06-073-1006,AQS,7,47,0,11,46,33
02/24/2019,61,PM2.5,El Cajon - Lexington Elementary School,06-073-1022,AQS,8,50,0,.,61,36
02/25/2019,71,Ozone,Alpine,06-073-1006,AQS,8,71,0,.,57,36
02/26/2019,68,PM2.5,Donovan,06-073-1014,AQS,8,45,0,43,68,35
02/27/2019,60,PM2.5,Donovan,06-073-1014,AQS,6,47,0,.,60,29
02/28/2019,57,PM2.5,Donovan,06-073-1014,AQS,6,36,0,.,57,32
03/01/2019,38,PM2.5,Donovan,06-073-1014,AQS,7,34,0,.,38,19
03/02/2019,52,PM2.5,Donovan,06-073-1014,AQS,7,33,0,.,52,23
03/03/2019,37,Ozone,Chula Vista,06-073-0001,AQS,5,37,0,.,28,8
03/04/2019,33,Ozone,Camp Pendleton,06-073-1008,AQS,6,33,0,5,22,18
03/05/2019,41,PM2.5,Donovan,06-073-1014,AQS,7,40,0,.,41,26
03/06/2019,40,PM2.5,Donovan,06-073-1014,AQS,5,38,0,.,40,23
03/07/2019,41,Ozone,Chula Vista,06-073-0001,AQS,6,41,0,.,28,17
03/08/2019,44,Ozone,Chula Vista,06-073-0001,AQS,5,44,0,.,24,23
03/09/2019,41,Ozone,Alpine,06-073-1006,AQS,5,41,0,.,29,19
03/10/2019,43,Ozone,Chula Vista,06-073-0001,AQS,6,43,0,7,33,24
03/11/2019,45,PM2.5,Donovan,06-073-1014,AQS,7,33,.,.,45,25
03/12/2019,45,Ozone,Alpine,06-073-1006,AQS,6,45,0,.,39,27
03/13/2019,58,PM2.5,Donovan,06-073-1014,AQS,7,49,0,29,58,26
03/14/2019,48,Ozone,Alpine,06-073-1006,AQS,7,48,0,.,31,22
03/15/2019,47,Ozone,Alpine,06-073-1006,AQS,8,47,0,.,24,29
03/16/2019,50,Ozone,Alpine,06-073-1006,AQS,9,50,0,31,45,33
03/17/2019,87,Ozone,Chula Vista,06-073-0001,AQS,8,87,0,.,47,33
03/18/2019,71,Ozone,Alpine,06-073-1006,AQS,9,71,.,.,64,37
03/19/2019,74,PM2.5,Donovan,06-073-1014,AQS,8,58,0,20,74,30
03/20/2019,43,Ozone,Alpine,06-073-1006,AQS,5,43,0,.,41,21
03/21/2019,45,Ozone,Alpine,06-073-1006,AQS,5,45,0,.,30,29
03/22/2019,48,Ozone,Alpine,06-073-1006,AQS,6,48,.,10,27,24
03/23/2019,47,Ozone,Alpine,06-073-1006,AQS,6,47,0,.,34,17
03/24/2019,44,Ozone,El Cajon - Lexington Elementary School,06-073-1022,AQS,6,44,0,.,40,18
03/25/2019,64,Ozone,Alpine,06-073-1006,AQS,8,64,0,18,52,25
03/26/2019,67,Ozone,Alpine,06-073-1006,AQS,8,67,.,.,66,26
03/27/2019,69,PM2.5,Pala Airpad,06-073-1201,AQS,5,51,0,.,69,17
03/28/2019,70,PM2.5,Pala Airpad,06-073-1201,AQS,6,44,0,14,70,20
03/29/2019,51,Ozone,El Cajon - Lexington Elementary School,06-073-1022,AQS,6,51,0,.,40,29
03/30/2019,77,Ozone,Alpine,06-073-1006,AQS,8,77,0,.,61,29
03/31/2019,101,Ozone,El Cajon - Lexington Elementary School,06-073-1022,AQS,8,101,0,18,61,25
04/01/2019,105,Ozone,Chula Vista,06-073-0001,AQS,8,105,0,.,62,39
04/02/2019,61,Ozone,Alpine,06-073-1006,AQS,7,61,0,.,60,30
04/03/2019,65,PM2.5,Pala Airpad,06-073-1201,AQS,5,44,0,7,65,19
04/04/2019,41,Ozone,Pala Airpad,06-073-1201,AQS,5,41,0,.,33,17
04/05/2019,67,Ozone,Pala Airpad,06-073-1201,AQS,6,67,0,.,23,17
04/06/2019,40,Ozone,Alpine,06-073-1006,AQS,6,40,0,6,19,11
04/07/2019,80,Ozone,Pala Airpad,06-073-1201,AQS,7,80,0,.,43,21
04/08/2019,97,Ozone,El Cajon - Lexington Elementary School,06-073-1022,AQS,9,97,0,.,61,38
04/09/2019,61,PM2.5,Donovan,06-073-1014,AQS,8,44,0,35,61,30
04/10/2019,69,PM2.5,Pala Airpad,06-073-1201,AQS,6,64,0,.,69,28
04/11/2019,64,Ozone,Alpine,06-073-1006,AQS,8,64,0,.,57,35
04/12/2019,59,PM2.5,Donovan,06-073-1014,AQS,6,58,0,28,59,22
04/13/2019,77,Ozone,Alpine,06-073-1006,AQS,8,77,0,.,70,28
04/14/2019,84,Ozone,Alpine,06-073-1006,AQS,7,84,0,.,56,21
04/15/2019,64,Ozone,Alpine,06-073-1006,AQS,6,64,0,25,56,31
04/16/2019,56,PM2.5,Pala Airpad,06-073-1201,AQS,5,45,0,.,56,23
04/17/2019,54,PM2.5,Pala Airpad,06-073-1201,AQS,6,48,0,.,54,22
04/18/2019,84,Ozone,Alpine,06-073-1006,AQS,8,84,0,18,59,30
04/19/2019,87,Ozone,Alpine,06-073-1006,AQS,7,87,0,.,56,25
04/20/2019,69,PM2.5,Pala Airpad,06-073-1201,AQS,5,50,0,.,69,14
04/21/2019,56,PM2.5,Pala Airpad,06-073-1201,AQS,5,51,0,20,56,13
04/22/2019,71,Ozone,Alpine,06-073-1006,AQS,5,71,0,.,48,26
04/23/2019,64,PM2.5,Pala Airpad,06-073-1201,AQS,6,46,0,.,64,25
04/24/2019,101,Ozone,Alpine,06-073-1006,AQS,7,101,0,22,78,28
04/25/2019,79,PM2.5,Pala Airpad,06-073-1201,AQS,7,47,0,.,79,19
04/26/2019,70,PM2.5,Pala Airpad,06-073-1201,AQS,5,49,.,.,70,8
04/27/2019,59,PM2.5,Pala Airpad,06-073-1201,AQS,6,47,0,23,59,12
04/28/2019,57,PM2.5,Pala Airpad,06-073-1201,AQS,5,44,0,.,57,8
04/29/2019,61,PM2.5,Pala Airpad,06-073-1201,AQS,5,37,0,.,61,17
04/30/2019,43,PM2.5,Pala Airpad,06-073-1201,AQS,5,42,.,5,43,16
05/01/2019,49,Ozone,El Cajon - Lexington Elementary School,06-073-1022,AQS,5,49,0,.,30,19
05/02/2019,64,Ozone,Alpine,06-073-1006,AQS,6,64,0,.,52,24
05/03/2019,87,Ozone,Alpine,06-073-1006,AQS,6,87,0,32,71,20
05/04/2019,87,Ozone,Alpine,06-073-1006,AQS,6,87,0,.,83,12
05/05/2019,82,PM2.5,Pala Airpad,06-073-1201,AQS,6,61,0,.,82,10
05/06/2019,67,PM2.5,Pala Airpad,06-073-1201,AQS,5,43,0,6,67,17
05/07/2019,54,Ozone,Pala Airpad,06-073-1201,AQS,5,54,0,.,35,14
05/08/2019,64,Ozone,Pala Airpad,06-073-1201,AQS,5,64,0,.,29,20
05/09/2019,39,Ozone,Pala Airpad,06-073-1201,AQS,6,39,0,11,26,22
05/10/2019,54,Ozone,Pala Airpad,06-073-1201,AQS,6,54,0,.,37,21
05/11/2019,35,Ozone,El Cajon - Lexington Elementary School,06-073-1022,AQS,6,35,0,.,20,19
05/12/2019,49,Ozone,Alpine,06-073-1006,AQS,5,49,0,14,34,8
05/13/2019,50,PM2.5,El Cajon - Lexington Elementary School,06-073-1022,AQS,5,48,0,.,50,17
05/14/2019,69,PM2.5,Pala Airpad,06-073-1201,AQS,6,67,0,.,69,16
05/15/2019,64,PM2.5,Pala Airpad,06-073-1201,AQS,5,49,0,24,64,15
05/16/2019,64,PM2.5,Pala Airpad,06-073-1201,AQS,3,45,0,.,64,14
05/17/2019,46,PM2.5,Pala Airpad,06-073-1201,AQS,5,46,0,.,46,20
05/18/2019,61,Ozone,Alpine,06-073-1006,AQS,5,61,0,17,50,19
05/19/2019,51,PM2.5,Pala Airpad,06-073-1201,AQS,3,44,0,.,51,10
05/20/2019,46,Ozone,El Cajon - Lexington Elementary School,06-073-1022,AQS,5,46,0,.,42,15
05/21/2019,41,Ozone,Alpine,06-073-1006,AQS,3,41,0,16,34,20
05/22/2019,44,Ozone,Pala Airpad,06-073-1201,AQS,5,44,0,.,43,13
05/23/2019,46,PM2.5,Pala Airpad,06-073-1201,AQS,6,38,0,.,46,23
05/24/2019,47,PM2.5,Pala Airpad,06-073-1201,AQS,6,47,0,13,47,21
05/25/2019,47,PM2.5,Pala Airpad,06-073-1201,AQS,5,44,0,.,47,13
05/26/2019,45,PM2.5,Pala Airpad,06-073-1201,AQS,5,45,0,.,45,8
05/27/2019,42,Ozone,Pala Airpad,06-073-1201,AQS,5,42,0,9,40,16
05/28/2019,47,Ozone,Pala Airpad,06-073-1201,AQS,5,47,.,.,36,18
05/29/2019,54,PM2.5,Donovan,06-073-1014,AQS,5,54,.,.,54,18
05/30/2019,61,Ozone,Alpine,06-073-1006,AQS,6,61,0,21,60,16
05/31/2019,69,PM2.5,Pala Airpad,06-073-1201,AQS,6,49,0,.,69,19
06/01/2019,70,PM2.5,Pala Airpad,06-073-1201,AQS,6,46,0,.,70,12
06/02/2019,56,PM2.5,Pala Airpad,06-073-1201,AQS,5,46,0,15,56,8
06/03/2019,47,PM2.5,Pala Airpad,06-073-1201,AQS,5,45,0,.,47,19
06/04/2019,49,PM2.5,Pala Airpad,06-073-1201,AQS,6,49,0,.,49,21
06/05/2019,97,Ozone,Alpine,06-073-1006,AQS,6,97,0,13,64,17
06/06/2019,58,Ozone,Alpine,06-073-1006,AQS,6,58,0,.,56,15
06/07/2019,55,PM2.5,Pala Airpad,06-073-1201,AQS,6,49,0,.,55,15
06/08/2019,64,Ozone,Alpine,06-073-1006,AQS,6,64,0,23,57,11
06/09/2019,67,Ozone,Pala Airpad,06-073-1201,AQS,6,67,0,.,60,8
06/10/2019,84,Ozone,Alpine,06-073-1006,AQS,7,84,0,.,76,22
06/11/2019,112,Ozone,Alpine,06-073-1006,AQS,8,112,0,23,60,28
06/12/2019,101,Ozone,Alpine,06-073-1006,AQS,6,101,0,.,58,20
06/13/2019,64,Ozone,Alpine,06-073-1006,AQS,5,64,0,.,54,17
06/14/2019,66,PM2.5,Pala Airpad,06-073-1201,AQS,5,50,0,17,66,7
06/15/2019,63,PM2.5,Pala Airpad,06-073-1201,AQS,5,47,0,.,63,12
06/16/2019,61,PM2.5,Pala Airpad,06-073-1201,AQS,5,46,0,.,61,8
06/17/2019,55,PM2.5,Pala Airpad,06-073-1201,AQS,5,39,0,8,55,10
06/18/2019,46,Ozone,Alpine,06-073-1006,AQS,6,46,0,.,41,21
06/19/2019,61,Ozone,Alpine,06-073-1006,AQS,6,61,0,.,47,20
06/20/2019,52,PM2.5,Pala Airpad,06-073-1201,AQS,6,44,0,12,52,24
06/21/2019,47,PM2.5,Pala Airpad,06-073-1201,AQS,5,43,0,.,47,11
06/22/2019,44,Ozone,Pala Airpad,06-073-1201,AQS,5,44,0,.,24,11
06/23/2019,67,Ozone,Pala Airpad,06-073-1201,AQS,6,67,0,13,34,8
06/24/2019,61,Ozone,Alpine,06-073-1006,AQS,6,61,0,.,57,18
06/25/2019,56,PM2.5,Pala Airpad,06-073-1201,AQS,6,50,0,.,56,19
06/26/2019,61,Ozone,Alpine,06-073-1006,AQS,5,61,0,16,54,12
06/27/2019,77,Ozone,Alpine,06-073-1006,AQS,5,77,0,.,58,16
06/28/2019,100,Ozone,Alpine,06-073-1006,AQS,6,100,0,.,54,15
06/29/2019,61,Ozone,Alpine,06-073-1006,AQS,7,61,0,19,59,24
06/30/2019,71,Ozone,Alpine,06-073-1006,AQS,6,71,0,.,62,13
07/01/2019,84,Ozone,Alpine,06-073-1006,AQS,6,84,0,.,60,12
07/02/2019,67,Ozone,Alpine,06-073-1006,AQS,5,67,0,38,63,22
07/03/2019,70,PM2.5,Pala Airpad,06-073-1201,AQS,5,48,0,.,70,20
07/04/2019,75,PM2.5,Pala Airpad,06-073-1201,AQS,5,54,0,.,75,15
07/05/2019,74,PM2.5,Pala Airpad,06-073-1201,AQS,6,67,0,23,74,14
07/06/2019,87,Ozone,Alpine,06-073-1006,AQS,6,87,0,.,69,9
07/07/2019,67,PM2.5,Pala Airpad,06-073-1201,AQS,5,46,0,.,67,8
07/08/2019,69,PM2.5,Pala Airpad,06-073-1201,AQS,5,49,0,20,69,10
07/09/2019,68,PM2.5,Pala Airpad,06-073-1201,AQS,5,64,0,.,68,8
07/10/2019,67,Ozone,Alpine,06-073-1006,AQS,6,67,0,.,65,15
07/11/2019,84,Ozone,Alpine,06-073-1006,AQS,6,84,0,20,66,10
07/12/2019,105,Ozone,Alpine,06-073-1006,AQS,6,105,0,.,71,13
07/13/2019,119,Ozone,Alpine,06-073-1006,AQS,6,119,0,.,69,13
07/14/2019,84,Ozone,Alpine,06-073-1006,AQS,6,84,0,21,75,9
07/15/2019,129,Ozone,Alpine,06-073-1006,AQS,7,129,0,.,74,29
07/16/2019,73,PM2.5,Pala Airpad,06-073-1201,AQS,7,51,0,.,73,15
07/17/2019,69,PM2.5,Pala Airpad,06-073-1201,AQS,5,49,0,22,69,21
07/18/2019,64,PM2.5,Pala Airpad,06-073-1201,AQS,5,51,0,.,64,15
07/19/2019,60,PM2.5,Pala Airpad,06-073-1201,AQS,5,45,0,.,60,14
07/20/2019,159,Ozone,Pala Airpad,06-073-1201,AQS,6,159,0,12,53,10
07/21/2019,46,PM2.5,Pala Airpad,06-073-1201,AQS,6,45,0,.,46,8
07/22/2019,71,Ozone,Alpine,06-073-1006,AQS,6,71,0,.,59,18
07/23/2019,100,Ozone,Alpine,06-073-1006,AQS,7,100,0,22,61,17
07/24/2019,105,Ozone,Alpine,06-073-1006,AQS,7,105,0,.,63,30
07/25/2019,77,Ozone,Alpine,06-073-1006,AQS,7,77,0,.,61,25
07/26/2019,84,Ozone,Alpine,06-073-1006,AQS,7,84,0,33,65,19
07/27/2019,105,Ozone,Alpine,06-073-1006,AQS,7,105,0,.,66,15
07/28/2019,84,Ozone,Alpine,06-073-1006,AQS,6,84,0,.,68,12
07/29/2019,101,Ozone,Alpine,06-073-1006,AQS,6,101,0,24,69,16
07/30/2019,93,Ozone,Alpine,06-073-1006,AQS,6,93,0,.,77,20
07/31/2019,93,Ozone,Alpine,06-073-1006,AQS,6,93,0,.,76,17
08/01/2019,87,Ozone,Alpine,06-073-1006,AQS,6,87,0,27,78,15
08/02/2019,112,Ozone,Alpine,06-073-1006,AQS,7,112,0,.,72,17
08/03/2019,90,Ozone,Alpine,06-073-1006,AQS,7,90,0,.,69,11
08/04/2019,93,Ozone,Alpine,06-073-1006,AQS,7,93,0,15,59,11
08/05/2019,87,Ozone,Alpine,06-073-1006,AQS,6,87,0,.,61,16
08/06/2019,169,Ozone,Pala Airpad,06-073-1201,AQS,6,169,0,.,63,17
08/07/2019,84,Ozone,Alpine,06-073-1006,AQS,6,84,0,23,75,16
08/08/2019,74,Ozone,Alpine,06-073-1006,AQS,6,74,.,.,71,16
08/09/2019,77,Ozone,Alpine,06-073-1006,AQS,7,77,0,.,68,22
08/10/2019,66,PM2.5,Pala Airpad,06-073-1201,AQS,6,51,0,19,66,13
08/11/2019,60,PM2.5,Pala Airpad,06-073-1201,AQS,6,44,0,.,60,12
08/12/2019,67,Ozone,Alpine,06-073-1006,AQS,5,67,0,.,54,13
08/13/2019,115,Ozone,Alpine,06-073-1006,AQS,6,115,.,30,53,19
08/14/2019,93,Ozone,Alpine,06-073-1006,AQS,8,93,0,.,63,21
08/15/2019,101,Ozone,Alpine,06-073-1006,AQS,7,101,0,.,66,19
08/16/2019,93,Ozone,Alpine,06-073-1006,AQS,6,93,.,19,63,18
08/17/2019,71,Ozone,Alpine,06-073-1006,AQS,6,71,0,.,61,12
08/18/2019,62,PM2.5,Pala Airpad,06-073-1201,AQS,6,47,0,.,62,8
08/19/2019,51,Ozone,Alpine,06-073-1006,AQS,6,51,0,17,48,13
08/20/2019,74,Ozone,Alpine,06-073-1006,AQS,6,74,.,.,43,21
08/21/2019,108,Ozone,Alpine,06-073-1006,AQS,7,108,0,.,68,25
08/22/2019,90,Ozone,Alpine,06-073-1006,AQS,6,90,0,.,65,22
08/23/2019,93,Ozone,Alpine,06-073-1006,AQS,6,93,0,.,64,17
08/24/2019,73,PM2.5,Pala Airpad,06-073-1201,AQS,8,61,0,.,73,17
08/25/2019,61,Ozone,El Cajon - Lexington Elementary School,06-073-1022,AQS,7,61,0,29,59,16
08/26/2019,67,Ozone,Alpine,06-073-1006,AQS,7,67,0,.,66,31
08/27/2019,80,Ozone,Alpine,06-073-1006,AQS,6,80,0,.,58,20
08/28/2019,67,Ozone,Alpine,06-073-1006,AQS,7,67,0,22,58,18
08/29/2019,71,Ozone,Alpine,06-073-1006,AQS,7,71,0,.,67,21
08/30/2019,84,Ozone,Alpine,06-073-1006,AQS,7,84,0,.,64,25
08/31/2019,65,PM2.5,Pala Airpad,06-073-1201,AQS,7,54,0,24,65,12
09/01/2019,80,Ozone,Alpine,06-073-1006,AQS,7,80,0,.,63,13
09/02/2019,70,PM2.5,Pala Airpad,06-073-1201,AQS,7,45,0,.,70,21
09/03/2019,60,PM2.5,Donovan,06-073-1014,AQS,6,47,0,19,60,24
09/04/2019,64,Ozone,Alpine,06-073-1006,AQS,8,64,0,.,59,37
09/05/2019,60,PM2.5,Donovan,06-073-1014,AQS,7,50,0,.,60,29
09/06/2019,63,PM2.5,Pala Airpad,06-073-1201,AQS,8,48,0,36,63,22
09/07/2019,59,PM2.5,Donovan,06-073-1014,AQS,7,49,0,.,59,27
09/08/2019,58,PM2.5,Pala Airpad,06-073-1201,AQS,5,44,0,.,58,14
09/09/2019,62,PM2.5,Donovan,06-073-1014,AQS,6,51,0,28,62,18
09/10/2019,54,PM2.5,Donovan,06-073-1014,AQS,6,39,0,.,54,18
09/11/2019,54,PM2.5,Donovan,06-073-1014,AQS,6,48,0,.,54,18
09/12/2019,87,Ozone,Alpine,06-073-1006,AQS,6,87,0,55,62,25
09/13/2019,87,Ozone,Kearny Villa Rd.,06-073-1016,AQS,8,87,0,.,75,40
09/14/2019,147,Ozone,Alpine,06-073-1006,AQS,10,147,0,.,75,34
09/15/2019,84,Ozone,El Cajon - Lexington Elementary School,06-073-1022,AQS,9,84,0,21,67,35
09/16/2019,65,PM2.5,Pala Airpad,06-073-1201,AQS,7,48,0,.,65,24
09/17/2019,66,PM2.5,Pala Airpad,06-073-1201,AQS,6,38,0,.,66,21
09/18/2019,54,Ozone,Alpine,06-073-1006,AQS,6,54,0,35,53,17
09/19/2019,59,PM2.5,Donovan,06-073-1014,AQS,5,44,0,.,59,21
09/20/2019,64,Ozone,Alpine,06-073-1006,AQS,6,64,0,.,55,21
09/21/2019,77,Ozone,Alpine,06-073-1006,AQS,7,77,0,24,54,20
09/22/2019,67,Ozone,El Cajon - Lexington Elementary School,06-073-1022,AQS,7,67,0,.,62,19
09/23/2019,59,PM2.5,Donovan,06-073-1014,AQS,6,49,0,.,59,22
09/24/2019,71,Ozone,El Cajon - Lexington Elementary School,06-073-1022,AQS,7,71,0,52,60,25
09/25/2019,64,PM2.5,Pala Airpad,06-073-1201,AQS,6,61,0,.,64,27
09/26/2019,72,PM2.5,Pala Airpad,06-073-1201,AQS,6,28,.,.,72,22
09/27/2019,60,PM2.5,Pala Airpad,06-073-1201,AQS,6,32,0,27,60,15
09/28/2019,45,PM2.5,Pala Airpad,06-073-1201,AQS,6,36,0,.,45,15
09/29/2019,40,Ozone,Alpine,06-073-1006,AQS,5,40,0,.,34,14
09/30/2019,54,PM2.5,Pala Airpad,06-073-1201,AQS,5,42,0,32,54,24
10/01/2019,55,PM2.5,Donovan,06-073-1014,AQS,6,47,0,.,55,28
10/02/2019,87,Ozone,Alpine,06-073-1006,AQS,6,87,0,.,57,32
10/03/2019,93,Ozone,Alpine,06-073-1006,AQS,7,93,0,23,59,36
10/04/2019,80,Ozone,Alpine,06-073-1006,AQS,9,80,0,.,64,34
10/05/2019,119,Ozone,Alpine,06-073-1006,AQS,9,119,0,.,59,35
10/06/2019,119,Ozone,Chula Vista,06-073-0001,AQS,8,119,0,39,63,33
10/07/2019,100,Ozone,Alpine,06-073-1006,AQS,9,100,0,27,67,49
10/08/2019,84,Ozone,Alpine,06-073-1006,AQS,9,84,0,.,74,42
10/09/2019,68,PM2.5,Pala Airpad,06-073-1201,AQS,7,47,0,19,68,27
10/10/2019,69,PM2.5,Pala Airpad,06-073-1201,AQS,7,54,0,.,69,27
10/11/2019,73,PM2.5,Pala Airpad,06-073-1201,AQS,7,48,0,.,73,33
10/12/2019,64,Ozone,Alpine,06-073-1006,AQS,10,64,0,44,55,36
10/13/2019,59,PM2.5,Donovan,06-073-1014,AQS,8,54,0,.,59,20
10/14/2019,69,PM2.5,Pala Airpad,06-073-1201,AQS,6,49,0,.,69,26
10/15/2019,64,PM2.5,Donovan,06-073-1014,AQS,9,54,.,27,64,34
10/16/2019,81,PM2.5,Pala Airpad,06-073-1201,AQS,11,61,0,.,81,36
10/17/2019,70,PM2.5,Donovan,06-073-1014,AQS,8,58,.,.,70,42
10/18/2019,74,PM2.5,Pala Airpad,06-073-1201,AQS,7,50,0,59,74,32
10/19/2019,77,Ozone,Alpine,06-073-1006,AQS,7,77,0,.,66,28
10/20/2019,87,Ozone,Alpine,06-073-1006,AQS,9,87,0,.,64,35
10/21/2019,61,PM2.5,Donovan,06-073-1014,AQS,11,50,0,.,61,42
10/22/2019,77,Ozone,Alpine,06-073-1006,AQS,8,77,0,.,64,48
10/23/2019,105,Ozone,Alpine,06-073-1006,AQS,10,105,0,.,74,42
10/24/2019,100,PM10,Donovan,06-073-1014,AQS,10,46,0,100,58,60
10/25/2019,59,PM2.5,Donovan,06-073-1014,AQS,10,47,0,.,59,45
10/26/2019,80,Ozone,Alpine,06-073-1006,AQS,9,80,0,.,65,35
10/27/2019,72,PM2.5,Donovan,06-073-1014,AQS,7,48,0,.,72,35
10/28/2019,87,PM2.5,Pala Airpad,06-073-1201,AQS,8,43,0,.,87,40
10/29/2019,67,PM2.5,Donovan,06-073-1014,AQS,8,42,0,35,67,35
10/30/2019,123,PM10,Donovan,06-073-1014,AQS,7,42,0,123,75,31
10/31/2019,98,PM2.5,Donovan,06-073-1014,AQS,13,45,0,25,98,45
11/01/2019,65,PM2.5,Donovan,06-073-1014,AQS,17,47,0,.,65,48
11/02/2019,54,Ozone,Alpine,06-073-1006,AQS,14,54,0,26,53,46
11/03/2019,90,Ozone,Alpine,06-073-1006,AQS,13,90,0,.,73,44
11/04/2019,100,Ozone,Alpine,06-073-1006,AQS,13,100,0,.,88,50
11/05/2019,80,Ozone,Alpine,06-073-1006,AQS,14,80,0,57,78,40
11/06/2019,83,PM2.5,Pala Airpad,06-073-1201,AQS,10,77,0,.,83,36
11/07/2019,91,PM2.5,Pala Airpad,06-073-1201,AQS,9,58,.,.,91,28
11/08/2019,89,PM2.5,Pala Airpad,06-073-1201,AQS,16,46,.,27,89,53
11/09/2019,71,PM2.5,Pala Airpad,06-073-1201,AQS,16,47,0,.,71,38
11/10/2019,81,PM2.5,Donovan,06-073-1014,AQS,14,77,0,.,81,32
11/11/2019,80,PM2.5,Donovan,06-073-1014,AQS,9,61,0,50,80,31
11/12/2019,91,PM2.5,Donovan,06-073-1014,AQS,11,48,.,.,91,44
11/13/2019,103,PM2.5,Pala Airpad,06-073-1201,AQS,10,64,.,.,103,52
11/14/2019,102,PM2.5,Pala Airpad,06-073-1201,AQS,10,48,0,54,102,31
11/15/2019,85,PM2.5,Pala Airpad,06-073-1201,AQS,13,42,0,.,85,24
11/16/2019,72,PM2.5,Donovan,06-073-1014,AQS,14,46,0,.,72,38
11/17/2019,70,PM2.5,Pala Airpad,06-073-1201,AQS,16,44,0,19,70,34
11/18/2019,60,PM2.5,Pala Airpad,06-073-1201,AQS,16,45,0,.,60,44
11/19/2019,57,PM2.5,Donovan,06-073-1014,AQS,9,40,0,.,57,41
11/20/2019,58,PM2.5,Pala Airpad,06-073-1201,AQS,5,39,0,10,58,28
11/21/2019,41,NO2,Chula Vista,06-073-0001,AQS,13,37,0,.,40,41
11/22/2019,50,PM2.5,El Cajon - Lexington Elementary School,06-073-1022,AQS,13,43,0,.,50,31
11/23/2019,57,PM2.5,El Cajon - Lexington Elementary School,06-073-1022,AQS,17,44,0,18,57,37
11/24/2019,56,PM2.5,El Cajon - Lexington Elementary School,06-073-1022,AQS,17,47,0,.,56,34
11/25/2019,56,PM2.5,Donovan,06-073-1014,AQS,15,48,0,.,56,37
11/26/2019,62,PM2.5,Pala Airpad,06-073-1201,AQS,18,41,0,32,62,43
11/27/2019,71,PM2.5,Pala Airpad,06-073-1201,AQS,28,42,.,.,71,32
11/28/2019,54,PM2.5,Pala Airpad,06-073-1201,AQS,10,42,0,.,54,23
11/29/2019,39,Ozone,Chula Vista,06-073-0001,AQS,8,39,0,7,25,24
11/30/2019,53,PM2.5,San Diego - Sherman Elementary School,06-073-1026,AQS,9,36,0,.,53,32
12/01/2019,51,PM2.5,El Cajon - Lexington Elementary School,06-073-1022,AQS,11,38,0,.,51,30
12/02/2019,55,PM2.5,El Cajon - Lexington Elementary School,06-073-1022,AQS,14,31,0,21,55,36
12/03/2019,85,NO2,Donovan,06-073-1014,AQS,14,30,0,.,70,85
12/04/2019,52,PM2.5,Pala Airpad,06-073-1201,AQS,9,33,.,.,52,24
12/05/2019,42,PM2.5,Pala Airpad,06-073-1201,AQS,13,36,.,11,42,35
12/06/2019,45,PM2.5,El Cajon - Lexington Elementary School,06-073-1022,AQS,16,31,0,.,45,33
12/07/2019,53,PM2.5,El Cajon - Lexington Elementary School,06-073-1022,AQS,10,19,0,.,53,22
12/08/2019,36,Ozone,Alpine,06-073-1006,AQS,7,36,0,6,35,15
12/09/2019,40,PM2.5,Pala Airpad,06-073-1201,AQS,9,36,0,.,40,31
12/10/2019,47,PM2.5,Donovan,06-073-1014,AQS,16,37,0,.,47,34
12/11/2019,63,PM2.5,Donovan,06-073-1014,AQS,16,35,0,40,63,37
12/12/2019,64,PM2.5,Donovan,06-073-1014,AQS,17,37,0,.,64,40
12/13/2019,70,PM2.5,El Cajon - Lexington Elementary School,06-073-1022,AQS,15,44,0,.,70,34
12/14/2019,74,PM2.5,Pala Airpad,06-073-1201,AQS,8,39,0,16,74,33
12/15/2019,76,PM2.5,Pala Airpad,06-073-1201,AQS,11,42,0,.,76,28
12/16/2019,45,PM2.5,Pala Airpad,06-073-1201,AQS,11,43,0,.,45,39
12/17/2019,63,PM10,Donovan,06-073-1014,AQS,8,44,0,63,45,37
12/18/2019,45,PM2.5,El Cajon - Lexington Elementary School,06-073-1022,AQS,14,38,0,.,45,42
12/19/2019,58,PM2.5,El Cajon - Lexington Elementary School,06-073-1022,AQS,14,42,0,.,58,37
12/20/2019,62,PM2.5,El Cajon - Lexington Elementary School,06-073-1022,AQS,15,42,0,27,62,50
12/21/2019,70,PM2.5,El Cajon - Lexington Elementary School,06-073-1022,AQS,19,41,0,.,70,41
12/22/2019,77,PM2.5,El Cajon - Lexington Elementary School,06-073-1022,AQS,15,37,0,.,77,34
12/23/2019,51,PM2.5,El Cajon - Lexington Elementary School,06-073-1022,AQS,18,36,0,17,51,29
12/24/2019,48,PM2.5,Pala Airpad,06-073-1201,AQS,11,37,0,.,48,24
12/25/2019,39,PM2.5,San Diego - Sherman Elementary School,06-073-1026,AQS,13,39,0,.,39,13
12/26/2019,41,Ozone,Donovan,06-073-1014,AQS,7,41,0,6,32,24
12/27/2019,53,PM2.5,El Cajon - Lexington Elementary School,06-073-1022,AQS,13,35,0,.,53,33
12/28/2019,60,PM2.5,El Cajon - Lexington Elementary School,06-073-1022,AQS,15,39,0,.,60,29
12/29/2019,58,PM2.5,El Cajon - Lexington Elementary School,06-073-1022,AQS,17,39,0,16,58,31
12/30/2019,55,PM2.5,El Cajon - Lexington Elementary School,06-073-1022,AQS,19,40,0,.,55,32
12/31/2019,80,PM2.5,El Cajon - Lexington Elementary School,06-073-1022,AQS,15,39,0,.,80,35
01/01/2020,81,PM2.5,El Cajon - Lexington Elementary School,06-073-1022,AQS,13,41,0,28,81,25
01/02/2020,64,PM2.5,Pala Airpad,06-073-1201,AQS,15,40,0,.,64,33
01/03/2020,77,PM2.5,Pala Airpad,06-073-1201,AQS,19,40,0,.,77,42
01/04/2020,64,PM2.5,El Cajon - Lexington Elementary School,06-073-1022,AQS,18,43,0,33,64,29
01/05/2020,68,PM2.5,El Cajon - Lexington Elementary School,06-073-1022,AQS,17,44,0,.,68,34
01/06/2020,63,PM2.5,Pala Airpad,06-073-1201,AQS,18,43,0,.,63,40
01/07/2020,42,PM2.5,El Cajon - Lexington Elementary School,06-073-1022,AQS,15,39,0,19,42,42
01/08/2020,59,PM2.5,Donovan,06-073-1014,AQS,15,37,0,.,59,35
01/09/2020,46,PM2.5,Pala Airpad,06-073-1201,AQS,9,36,0,.,46,26
01/10/2020,46,PM2.5,Pala Airpad,06-073-1201,AQS,10,35,0,16,46,30
01/11/2020,48,PM2.5,El Cajon - Lexington Elementary School,06-073-1022,AQS,10,40,0,.,48,26
01/12/2020,54,PM2.5,Pala Airpad,06-073-1201,AQS,11,39,0,.,54,30
01/13/2020,58,PM2.5,Pala Airpad,06-073-1201,AQS,18,40,0,22,58,32
01/14/2020,62,PM2.5,Pala Airpad,06-073-1201,AQS,13,43,0,.,62,33
01/15/2020,72,PM2.5,Camp Pendleton,06-073-1008,AQS,14,47,0,.,72,38
01/16/2020,76,PM2.5,Pala Airpad,06-073-1201,AQS,18,43,0,51,76,41
01/17/2020,87,PM2.5,Pala Airpad,06-073-1201,AQS,9,39,0,.,87,26
01/18/2020,51,PM2.5,El Cajon - Lexington Elementary School,06-073-1022,AQS,15,42,0,.,51,34
01/19/2020,61,PM2.5,El Cajon - Lexington Elementary School,06-073-1022,AQS,19,42,0,22,61,30
01/20/2020,68,PM2.5,Donovan,06-073-1014,AQS,11,39,0,.,68,31
01/21/2020,57,PM2.5,Pala Airpad,06-073-1201,AQS,8,37,0,.,57,26
01/22/2020,49,PM2.5,Donovan,06-073-1014,AQS,8,40,0,20,49,33
01/23/2020,57,PM2.5,Donovan,06-073-1014,AQS,10,33,0,.,57,42
01/24/2020,63,PM2.5,Donovan,06-073-1014,AQS,10,38,0,.,63,31
01/25/2020,74,PM2.5,Donovan,06-073-1014,AQS,11,44,0,31,74,32
01/26/2020,70,PM2.5,Pala Airpad,06-073-1201,AQS,8,42,0,.,70,16
01/27/2020,89,PM2.5,Pala Airpad,06-073-1201,AQS,8,41,0,.,89,33
01/28/2020,74,PM2.5,Pala Airpad,06-073-1201,AQS,13,43,.,31,74,32
01/29/2020,58,PM2.5,Donovan,06-073-1014,AQS,10,41,0,21,58,28
01/30/2020,51,PM2.5,Donovan,06-073-1014,AQS,10,40,0,.,51,36
01/31/2020,45,NO2,Donovan,06-073-1014,AQS,11,41,0,21,37,45
02/01/2020,45,PM2.5,El Cajon - Lexington Elementary School,06-073-1022,AQS,14,41,0,.,45,36
02/02/2020,42,Ozone,Alpine,06-073-1006,AQS,14,42,0,.,37,28
02/03/2020,48,PM2.5,Pala Airpad,06-073-1201,AQS,6,39,0,43,48,21
02/04/2020,49,PM2.5,Pala Airpad,06-073-1201,AQS,6,41,0,.,49,31
02/05/2020,42,PM2.5,Donovan,06-073-1014,AQS,7,39,.,.,42,38
02/06/2020,54,PM2.5,Donovan,06-073-1014,AQS,9,44,.,22,54,40
02/07/2020,63,PM2.5,Donovan,06-073-1014,AQS,10,50,.,.,63,42
02/08/2020,71,PM2.5,Donovan,06-073-1014,AQS,10,64,0,.,71,43
02/09/2020,84,PM2.5,Pala Airpad,06-073-1201,AQS,6,44,0,14,84,15
02/10/2020,63,PM2.5,Pala Airpad,06-073-1201,AQS,7,41,0,.,63,31
02/11/2020,44,Ozone,Alpine,06-073-1006,AQS,7,44,0,.,42,35
02/12/2020,53,PM2.5,Pala Airpad,06-073-1201,AQS,9,47,0,32,53,31
02/13/2020,58,PM2.5,Donovan,06-073-1014,AQS,9,46,0,.,58,35
02/14/2020,66,PM2.5,Donovan,06-073-1014,AQS,9,47,0,.,66,38
02/15/2020,60,PM2.5,Pala Airpad,06-073-1201,AQS,8,51,0,40,60,36
02/16/2020,64,PM2.5,Pala Airpad,06-073-1201,AQS,9,61,0,.,64,33
02/17/2020,74,PM2.5,Donovan,06-073-1014,AQS,9,54,0,.,74,29
02/18/2020,77,PM2.5,Donovan,06-073-1014,AQS,7,50,0,31,77,20
02/19/2020,70,PM2.5,Pala Airpad,06-073-1201,AQS,7,48,0,.,70,25
02/20/2020,73,PM2.5,Pala Airpad,06-073-1201,AQS,10,47,.,.,73,53
02/21/2020,66,PM2.5,Donovan,06-073-1014,AQS,10,51,0,62,66,36
02/22/2020,60,PM2.5,Pala Airpad,06-073-1201,AQS,6,41,0,.,60,21
02/23/2020,57,PM2.5,Pala Airpad,06-073-1201,AQS,7,41,0,.,57,23
02/24/2020,61,PM2.5,Pala Airpad,06-073-1201,AQS,8,43,0,19,61,28
02/25/2020,65,PM2.5,Pala Airpad,06-073-1201,AQS,9,45,0,.,65,43
02/26/2020,53,PM2.5,Pala Airpad,06-073-1201,AQS,6,43,0,.,53,39
02/27/2020,54,PM10,Donovan,06-073-1014,AQS,7,42,0,54,35,35
02/28/2020,42,Ozone,Alpine,06-073-1006,AQS,8,42,0,.,31,35
02/29/2020,46,Ozone,Camp Pendleton,06-073-1008,AQS,7,46,0,.,44,26
03/01/2020,49,PM2.5,Pala Airpad,06-073-1201,AQS,5,44,0,17,49,12
03/02/2020,60,PM2.5,Pala Airpad,06-073-1201,AQS,8,42,0,.,60,26
03/03/2020,46,Ozone,Alpine,06-073-1006,AQS,9,46,0,.,38,34
03/04/2020,60,PM2.5,Donovan,06-073-1014,AQS,9,47,0,42,60,30
03/05/2020,57,PM2.5,Pala Airpad,06-073-1201,AQS,8,46,0,.,57,24
03/06/2020,68,PM2.5,Pala Airpad,06-073-1201,AQS,7,47,0,.,68,21
03/07/2020,65,PM2.5,Pala Airpad,06-073-1201,AQS,6,43,0,9,65,15
03/08/2020,46,PM2.5,Pala Airpad,06-073-1201,AQS,6,36,0,.,46,15
03/09/2020,35,Ozone,Alpine,06-073-1006,AQS,6,35,0,.,26,25
03/10/2020,25,Ozone,Alpine,06-073-1006,AQS,5,25,0,6,21,16
03/11/2020,31,Ozone,Alpine,06-073-1006,AQS,6,31,0,.,20,17
03/12/2020,41,Ozone,Donovan,06-073-1014,AirNow,6,41,0,.,27,19
03/13/2020,36,Ozone,Camp Pendleton,06-073-1008,AQS,6,36,.,6,22,20
03/14/2020,41,Ozone,San Diego - Sherman Elementary School,06-073-1026,AQS,7,41,0,.,29,17
03/15/2020,39,Ozone,Camp Pendleton,06-073-1008,AQS,7,39,0,.,37,17
03/16/2020,41,Ozone,Camp Pendleton,06-073-1008,AQS,6,41,0,20,35,23
03/17/2020,45,Ozone,Alpine,06-073-1006,AQS,6,45,0,.,39,21
03/18/2020,44,Ozone,Alpine,06-073-1006,AQS,6,44,0,.,22,25
03/19/2020,41,Ozone,San Diego - Sherman Elementary School,06-073-1026,AQS,5,41,0,8,22,24
03/20/2020,39,Ozone,Alpine,06-073-1006,AQS,6,39,0,.,26,22
03/21/2020,45,Ozone,Alpine,06-073-1006,AQS,6,45,0,.,30,17
03/22/2020,44,Ozone,Camp Pendleton,06-073-1008,AQS,6,44,0,16,26,13
03/23/2020,43,Ozone,Alpine,06-073-1006,AQS,5,43,0,.,26,18
03/24/2020,42,Ozone,Alpine,06-073-1006,AQS,5,42,0,.,19,21
03/25/2020,44,Ozone,Alpine,06-073-1006,AQS,3,44,0,6,22,12
03/26/2020,42,Ozone,Alpine,06-073-1006,AQS,5,42,0,.,21,24
03/27/2020,46,Ozone,Donovan,06-073-1014,AQS,5,46,.,.,23,21
03/28/2020,50,Ozone,Alpine,06-073-1006,AQS,5,50,0,25,37,21
03/29/2020,47,PM2.5,San Diego - Sherman Elementary School,06-073-1026,AQS,5,46,0,.,47,14
03/30/2020,58,PM2.5,Pala Airpad,06-073-1201,AQS,5,44,0,.,58,22
03/31/2020,60,PM2.5,Donovan,06-073-1014,AQS,8,41,0,19,60,29
04/01/2020,67,PM2.5,Donovan,06-073-1014,AQS,6,47,0,.,67,23
04/02/2020,62,PM2.5,Pala Airpad,06-073-1201,AQS,5,44,0,.,62,23
04/03/2020,66,PM2.5,Pala Airpad,06-073-1201,AQS,5,48,0,53,66,25
04/04/2020,69,PM2.5,Pala Airpad,06-073-1201,AQS,5,43,0,.,69,10
04/05/2020,64,PM2.5,Pala Airpad,06-073-1201,AQS,3,39,0,.,64,5
04/06/2020,47,PM2.5,Pala Airpad,06-073-1201,AQS,3,35,0,4,47,9
04/07/2020,38,Ozone,Camp Pendleton,06-073-1008,AQS,2,38,0,.,13,16
04/08/2020,41,Ozone,Camp Pendleton,06-073-1008,AQS,3,41,0,.,15,16
04/09/2020,41,Ozone,San Diego - Sherman Elementary School,06-073-1026,AQS,5,41,0,6,18,13
04/10/2020,44,Ozone,Alpine,06-073-1006,AQS,3,44,0,.,24,14
04/11/2020,44,Ozone,Donovan,06-073-1014,AQS,5,44,0,.,24,25
04/12/2020,40,Ozone,San Diego - Sherman Elementary School,06-073-1026,AQS,3,40,0,7,30,8
04/13/2020,40,PM2.5,Pala Airpad,06-073-1201,AQS,5,38,0,.,40,19
04/14/2020,46,Ozone,San Diego - Sherman Elementary School,06-073-1026,AQS,6,46,.,.,37,26
04/15/2020,61,Ozone,El Cajon - Lexington Elementary School,06-073-1022,AQS,7,61,0,43,59,30
04/16/2020,67,Ozone,Alpine,06-073-1006,AQS,5,67,0,.,50,31
04/17/2020,54,PM2.5,Pala Airpad,06-073-1201,AQS,5,44,0,.,54,20
04/18/2020,53,PM2.5,Pala Airpad,06-073-1201,AQS,5,37,0,7,53,9
04/19/2020,39,Ozone,Camp Pendleton,06-073-1008,AQS,3,39,0,.,28,6
04/20/2020,47,PM2.5,Pala Airpad,06-073-1201,AQS,5,39,0,.,47,15
04/21/2020,54,PM2.5,Pala Airpad,06-073-1201,AQS,5,40,.,19,54,13
04/22/2020,64,Ozone,Alpine,06-073-1006,AQS,7,64,.,.,57,25
04/23/2020,90,Ozone,Alpine,06-073-1006,AQS,7,90,0,.,62,24
04/24/2020,105,Ozone,El Cajon - Lexington Elementary School,06-073-1022,AQS,7,105,0,26,65,29
04/25/2020,105,Ozone,Alpine,06-073-1006,AQS,7,105,0,.,75,26
04/26/2020,77,Ozone,El Cajon - Lexington Elementary School,06-073-1022,AQS,7,77,0,.,73,20
04/27/2020,60,PM2.5,Pala Airpad,06-073-1201,AQS,6,58,.,33,60,18
04/28/2020,77,Ozone,Alpine,06-073-1006,AQS,6,77,.,.,63,15
04/29/2020,74,PM2.5,Pala Airpad,06-073-1201,AQS,6,54,0,.,74,17
04/30/2020,84,Ozone,Alpine,06-073-1006,AQS,6,84,0,22,75,18
05/01/2020,77,Ozone,Alpine,06-073-1006,AQS,6,77,0,.,69,16
05/02/2020,74,Ozone,Alpine,06-073-1006,AQS,5,74,0,.,71,11
05/03/2020,71,PM2.5,Pala Airpad,06-073-1201,AQS,5,44,0,32,71,8
05/04/2020,68,PM2.5,Pala Airpad,06-073-1201,AQS,5,61,0,.,68,14
05/05/2020,97,Ozone,Alpine,06-073-1006,AQS,7,97,1,.,64,24
05/06/2020,151,Ozone,Alpine,06-073-1006,AQS,7,151,0,24,74,28
05/07/2020,133,Ozone,Alpine,06-073-1006,AQS,9,133,0,.,80,42
05/08/2020,101,Ozone,Alpine,06-073-1006,AQS,7,101,0,.,77,24
05/09/2020,83,PM2.5,Pala Airpad,06-073-1201,AQS,6,64,0,33,83,9
05/10/2020,77,PM2.5,Pala Airpad,06-073-1201,AQS,5,44,0,.,77,7
05/11/2020,66,PM2.5,Pala Airpad,06-073-1201,AQS,5,49,0,.,66,15
05/12/2020,62,PM2.5,Pala Airpad,06-073-1201,AQS,3,41,0,9,62,19
05/13/2020,52,PM2.5,Pala Airpad,06-073-1201,AQS,5,44,0,.,52,18
05/14/2020,44,Ozone,Alpine,06-073-1006,AQS,5,44,0,.,36,17
05/15/2020,48,PM2.5,Donovan,06-073-1014,AQS,5,45,0,33,48,12
05/16/2020,64,Ozone,Alpine,06-073-1006,AQS,6,64,0,35,57,14
05/17/2020,62,PM2.5,Pala Airpad,06-073-1201,AQS,5,54,0,.,62,8
05/18/2020,67,PM2.5,Pala Airpad,06-073-1201,AQS,5,36,0,8,67,12
05/19/2020,42,PM2.5,Pala Airpad,06-073-1201,AQS,5,38,0,.,42,16
05/20/2020,44,Ozone,Alpine,06-073-1006,AQS,5,44,0,.,32,13
05/21/2020,67,Ozone,Alpine,06-073-1006,AQS,7,67,0,33,53,20
05/22/2020,55,PM2.5,Donovan,06-073-1014,AQS,6,48,0,.,55,15
05/23/2020,64,PM2.5,Pala Airpad,06-073-1201,AQS,5,49,0,.,64,9
05/24/2020,72,PM2.5,Pala Airpad,06-073-1201,AQS,5,46,0,27,72,10
05/25/2020,74,PM2.5,Pala Airpad,06-073-1201,AQS,6,50,0,.,74,11
05/26/2020,84,Ozone,Alpine,06-073-1006,AQS,6,84,0,.,76,19
05/27/2020,93,Ozone,Alpine,06-073-1006,AQS,6,93,0,20,73,15
05/28/2020,67,PM2.5,Pala Airpad,06-073-1201,AQS,6,58,.,.,67,12
05/29/2020,57,PM2.5,Pala Airpad,06-073-1201,AQS,6,41,0,.,57,16
05/30/2020,47,PM2.5,Pala Airpad,06-073-1201,AQS,6,38,0,10,47,7
05/31/2020,34,Ozone,Alpine,06-073-1006,AQS,5,34,0,.,33,8
06/01/2020,54,Ozone,Alpine,06-073-1006,AQS,6,54,0,.,45,18
06/02/2020,67,Ozone,Alpine,06-073-1006,AQS,6,67,0,48,62,20
06/03/2020,97,Ozone,Alpine,06-073-1006,AQS,6,97,0,.,66,15
06/04/2020,75,PM2.5,Pala Airpad,06-073-1201,AQS,6,64,0,.,75,21
06/05/2020,78,PM2.5,Pala Airpad,06-073-1201,AQS,6,38,0,12,78,19
06/06/2020,53,PM2.5,Pala Airpad,06-073-1201,AQS,5,33,0,.,53,13
06/07/2020,44,PM2.5,Pala Airpad,06-073-1201,AQS,5,38,0,.,44,12
06/08/2020,64,Ozone,Donovan,06-073-1014,AQS,7,64,0,51,53,38
06/09/2020,59,PM2.5,Donovan,06-073-1014,AQS,7,54,0,.,59,35
06/10/2020,154,Ozone,Donovan,06-073-1014,AQS,9,154,0,.,92,42
06/11/2020,136,Ozone,Alpine,06-073-1006,AQS,8,136,0,24,84,37
06/12/2020,71,Ozone,Alpine,06-073-1006,AQS,6,71,0,.,58,18
06/13/2020,46,PM2.5,Donovan,06-073-1014,AQS,5,45,0,.,46,9
06/14/2020,56,PM2.5,Pala Airpad,06-073-1201,AQS,6,44,0,34,56,9
06/15/2020,57,PM2.5,Pala Airpad,06-073-1201,AQS,6,46,0,.,57,14
06/16/2020,60,PM2.5,Pala Airpad,06-073-1201,AQS,5,47,0,.,60,12
06/17/2020,60,PM2.5,Pala Airpad,06-073-1201,AQS,6,43,0,19,60,12
06/18/2020,64,PM2.5,Pala Airpad,06-073-1201,AQS,5,48,0,.,64,13
06/19/2020,58,PM2.5,Pala Airpad,06-073-1201,AQS,6,47,0,.,58,17
06/20/2020,63,PM2.5,Pala Airpad,06-073-1201,AQS,6,41,0,26,63,10
06/21/2020,60,PM2.5,Pala Airpad,06-073-1201,AQS,6,46,0,.,60,8
06/22/2020,93,Ozone,Alpine,06-073-1006,AQS,6,93,0,.,57,14
06/23/2020,74,Ozone,Alpine,06-073-1006,AQS,6,74,0,14,57,17
06/24/2020,64,Ozone,Alpine,06-073-1006,AQS,6,64,0,.,54,15
06/25/2020,77,Ozone,Alpine,06-073-1006,AQS,6,77,0,.,54,15
06/26/2020,74,Ozone,Alpine,06-073-1006,AQS,6,74,0,24,48,14
06/27/2020,58,PM2.5,Pala Airpad,06-073-1201,AQS,6,49,0,.,58,9
06/28/2020,57,PM2.5,Pala Airpad,06-073-1201,AQS,5,36,0,.,57,8
06/29/2020,38,PM2.5,Pala Airpad,06-073-1201,AQS,5,36,0,9,38,17
06/30/2020,46,PM2.5,El Cajon - Lexington Elementary School,06-073-1022,AQS,5,44,.,.,46,14
07/01/2020,62,PM2.5,Pala Airpad,06-073-1201,AQS,6,54,0,.,62,18
07/02/2020,74,Ozone,Alpine,06-073-1006,AQS,6,74,0,30,64,18
07/03/2020,59,PM2.5,Pala Airpad,06-073-1201,AQS,7,51,0,.,59,14
07/04/2020,62,PM2.5,Pala Airpad,06-073-1201,AQS,6,44,0,.,62,11
07/05/2020,61,PM2.5,Pala Airpad,06-073-1201,AQS,7,50,0,22,61,15
07/06/2020,71,Ozone,Alpine,06-073-1006,AQS,11,71,0,.,67,32
07/07/2020,74,Ozone,Alpine,06-073-1006,AQS,7,74,0,.,71,19
07/08/2020,85,PM2.5,Donovan,06-073-1014,AQS,6,64,0,45,85,19
07/09/2020,90,Ozone,Alpine,06-073-1006,AQS,7,90,0,.,80,16
07/10/2020,105,Ozone,Alpine,06-073-1006,AQS,7,105,0,.,67,15
07/11/2020,67,Ozone,Alpine,06-073-1006,AQS,8,67,0,18,65,19
07/12/2020,77,Ozone,Alpine,06-073-1006,AQS,7,77,0,.,64,14
07/13/2020,67,Ozone,Alpine,06-073-1006,AQS,7,67,0,.,61,24
07/14/2020,79,PM2.5,Pala Airpad,06-073-1201,AQS,6,47,0,35,79,15
07/15/2020,70,PM2.5,Pala Airpad,06-073-1201,AQS,6,64,0,.,70,13
07/16/2020,60,PM2.5,Pala Airpad,06-073-1201,AQS,5,48,0,.,60,16
07/17/2020,54,Ozone,Alpine,06-073-1006,AQS,7,54,0,14,53,12
07/18/2020,51,PM2.5,Pala Airpad,06-073-1201,AQS,7,48,0,.,51,10
07/19/2020,52,PM2.5,Pala Airpad,06-073-1201,AQS,6,45,0,.,52,9
07/20/2020,54,PM2.5,Pala Airpad,06-073-1201,AQS,6,51,0,20,54,14
07/21/2020,74,Ozone,Alpine,06-073-1006,AQS,6,74,0,.,62,12
07/22/2020,64,Ozone,Alpine,06-073-1006,AQS,6,64,0,.,63,15
07/23/2020,61,PM2.5,Pala Airpad,06-073-1201,AQS,5,49,0,12,61,18
07/24/2020,55,PM2.5,Pala Airpad,06-073-1201,AQS,6,50,0,.,55,13
07/25/2020,49,Ozone,Alpine,06-073-1006,AQS,6,49,0,.,42,10
07/26/2020,52,PM2.5,Pala Airpad,06-073-1201,AQS,6,49,0,26,52,8
07/27/2020,62,PM2.5,Pala Airpad,06-073-1201,AQS,6,47,0,.,62,16
07/28/2020,68,PM2.5,Pala Airpad,06-073-1201,AQS,6,61,0,.,68,12
07/29/2020,74,Ozone,Alpine,06-073-1006,AQS,6,74,0,20,65,14
07/30/2020,108,Ozone,Alpine,06-073-1006,AQS,7,108,0,.,68,15
07/31/2020,87,Ozone,Alpine,06-073-1006,AQS,8,87,0,.,71,25
08/01/2020,87,Ozone,Alpine,06-073-1006,AQS,8,87,0,54,72,20
08/02/2020,77,PM2.5,Pala Airpad,06-073-1201,AQS,8,48,0,.,77,21
08/03/2020,90,Ozone,Alpine,06-073-1006,AQS,7,90,0,.,73,20
08/04/2020,72,PM2.5,Pala Airpad,06-073-1201,AQS,6,61,0,26,72,19
08/05/2020,69,PM2.5,Pala Airpad,06-073-1201,AQS,6,49,0,.,69,18
08/06/2020,64,PM2.5,Pala Airpad,06-073-1201,AQS,5,42,0,.,64,14
08/07/2020,59,PM2.5,Pala Airpad,06-073-1201,AQS,7,54,0,31,59,15
08/08/2020,58,PM2.5,Pala Airpad,06-073-1201,AQS,7,54,0,.,58,11
08/09/2020,62,PM2.5,Pala Airpad,06-073-1201,AQS,6,44,0,.,62,8
08/10/2020,62,PM2.5,Pala Airpad,06-073-1201,AQS,6,54,0,19,62,12
08/11/2020,74,Ozone,Alpine,06-073-1006,AQS,7,74,0,.,61,13
08/12/2020,100,Ozone,Alpine,06-073-1006,AQS,8,100,0,.,63,19
08/13/2020,97,Ozone,Alpine,06-073-1006,AQS,8,97,0,53,71,22
08/14/2020,100,Ozone,Alpine,06-073-1006,AQS,8,100,0,.,70,29
08/15/2020,129,Ozone,Alpine,06-073-1006,AQS,8,129,0,.,65,31
08/16/2020,75,PM2.5,Pala Airpad,06-073-1201,AQS,7,51,0,27,75,17
08/17/2020,100,Ozone,Alpine,06-073-1006,AQS,7,100,0,.,72,16
08/18/2020,100,Ozone,Alpine,06-073-1006,AQS,8,100,0,.,76,20
08/19/2020,126,Ozone,Alpine,06-073-1006,AQS,9,126,0,49,75,24
08/20/2020,140,Ozone,Alpine,06-073-1006,AQS,8,140,0,.,74,29
08/21/2020,84,Ozone,Alpine,06-073-1006,AQS,9,84,0,.,82,23
08/22/2020,88,PM2.5,Pala Airpad,06-073-1201,AQS,7,43,0,25,88,38
08/23/2020,77,PM2.5,Pala Airpad,06-073-1201,AQS,6,39,0,.,77,8
08/24/2020,60,PM2.5,Pala Airpad,06-073-1201,AQS,6,45,0,.,60,10
08/25/2020,74,PM2.5,Pala Airpad,06-073-1201,AQS,7,51,0,24,74,15
08/26/2020,79,PM2.5,Pala Airpad,06-073-1201,AQS,7,67,0,.,79,13
08/27/2020,64,Ozone,Alpine,06-073-1006,AQS,8,64,0,.,63,18
08/28/2020,68,PM2.5,Pala Airpad,06-073-1201,AQS,7,64,0,27,68,16
08/29/2020,90,PM2.5,Pala Airpad,06-073-1201,AQS,6,64,0,.,90,10
08/30/2020,59,PM2.5,Pala Airpad,06-073-1201,AQS,6,45,0,.,59,8
08/31/2020,58,PM2.5,Pala Airpad,06-073-1201,AQS,6,50,0,19,58,15
09/01/2020,59,PM2.5,Pala Airpad,06-073-1201,AQS,6,50,0,.,59,13
09/02/2020,64,Ozone,Alpine,06-073-1006,AQS,6,64,0,.,60,15
09/03/2020,115,Ozone,Alpine,06-073-1006,AQS,7,115,0,25,65,21
09/04/2020,159,Ozone,Alpine,06-073-1006,AQS,10,159,0,.,73,29
09/05/2020,192,Ozone,Kearny Villa Rd.,06-073-1016,AQS,15,192,0,.,94,42
09/06/2020,105,PM2.5,Pala Airpad,06-073-1201,AQS,15,90,0,62,105,30
09/07/2020,119,PM2.5,Pala Airpad,06-073-1201,AQS,8,84,0,.,119,25
09/08/2020,104,PM2.5,Pala Airpad,06-073-1201,AQS,7,31,0,.,104,20
09/09/2020,74,PM2.5,Pala Airpad,06-073-1201,AQS,7,41,0,34,74,21
09/10/2020,92,PM2.5,Pala Airpad,06-073-1201,AQS,10,41,0,.,92,35
09/11/2020,99,PM2.5,Donovan,06-073-1014,AQS,11,51,0,.,99,40
09/12/2020,138,PM2.5,San Diego - Sherman Elementary School,06-073-1026,AQS,13,108,0,66,138,37
09/13/2020,161,PM2.5,Pala Airpad,06-073-1201,AQS,14,80,0,.,161,21
09/14/2020,172,PM2.5,Pala Airpad,06-073-1201,AQS,14,119,0,.,172,26
09/15/2020,162,PM2.5,Pala Airpad,06-073-1201,AQS,14,105,0,51,162,46
09/16/2020,163,PM2.5,Pala Airpad,06-073-1201,AQS,14,136,0,.,163,45
09/17/2020,163,PM2.5,Pala Airpad,06-073-1201,AQS,11,80,0,.,163,51
09/18/2020,124,PM2.5,Pala Airpad,06-073-1201,AQS,10,71,0,82,124,41
09/19/2020,81,PM2.5,Donovan,06-073-1014,AQS,11,49,0,.,81,37
09/20/2020,83,PM2.5,Pala Airpad,06-073-1201,AQS,8,58,0,.,83,11
09/21/2020,79,PM2.5,Pala Airpad,06-073-1201,AQS,8,64,0,25,79,16
09/22/2020,83,PM2.5,Pala Airpad,06-073-1201,AQS,8,49,0,.,83,17
09/23/2020,72,PM2.5,Donovan,06-073-1014,AQS,9,48,0,.,72,25
09/24/2020,90,Ozone,Alpine,06-073-1006,AQS,9,90,0,82,80,37
09/25/2020,84,Ozone,Alpine,06-073-1006,AQS,8,84,0,.,77,19
09/26/2020,97,Ozone,Alpine,06-073-1006,AQS,8,97,0,.,83,13
09/27/2020,82,PM2.5,Pala Airpad,06-073-1201,AQS,7,80,0,26,82,11
09/28/2020,97,Ozone,Alpine,06-073-1006,AQS,9,97,0,.,74,32
09/29/2020,126,Ozone,Kearny Villa Rd.,06-073-1016,AQS,10,126,0,.,87,37
09/30/2020,119,Ozone,Kearny Villa Rd.,06-073-1016,AQS,11,119,0,112,90,42
10/01/2020,133,Ozone,El Cajon - Lexington Elementary School,06-073-1022,AQS,11,133,0,.,104,51
10/02/2020,122,Ozone,Alpine,06-073-1006,AQS,13,122,0,.,98,45
10/03/2020,150,Ozone,Alpine,06-073-1006,AQS,15,150,0,39,115,40
10/04/2020,159,PM2.5,Pala Airpad,06-073-1201,AQS,14,126,0,.,159,38
10/05/2020,170,PM2.5,Pala Airpad,06-073-1201,AQS,13,129,0,.,170,45
10/06/2020,167,PM2.5,Pala Airpad,06-073-1201,AQS,13,101,0,102,167,53
10/07/2020,162,PM2.5,Pala Airpad,06-073-1201,AQS,11,97,0,.,162,26
10/08/2020,152,PM2.5,Pala Airpad,06-073-1201,AQS,8,44,0,.,152,24
10/09/2020,110,PM2.5,Pala Airpad,06-073-1201,AQS,8,58,.,26,110,24
10/10/2020,107,PM2.5,Pala Airpad,06-073-1201,AQS,7,43,.,.,107,17
10/11/2020,82,PM2.5,Pala Airpad,06-073-1201,AQS,7,37,0,.,82,12
10/12/2020,93,Ozone,Kearny Villa Rd.,06-073-1016,AQS,9,93,0,71,69,46
10/13/2020,90,PM2.5,Donovan,06-073-1014,AQS,10,87,0,.,90,43
10/14/2020,119,Ozone,Alpine,06-073-1006,AQS,10,119,0,.,88,46
10/15/2020,119,Ozone,Alpine,06-073-1006,AQS,11,119,0,31,92,45
10/16/2020,112,Ozone,Kearny Villa Rd.,06-073-1016,AQS,10,112,0,.,91,47
10/17/2020,112,Ozone,Alpine,06-073-1006,AQS,11,112,0,.,93,43
10/18/2020,93,Ozone,Alpine,06-073-1006,AQS,10,93,0,54,83,24
10/19/2020,92,PM2.5,Pala Airpad,06-073-1201,AQS,7,77,0,.,92,24
10/20/2020,85,PM2.5,Pala Airpad,06-073-1201,AQS,6,51,0,.,85,15
10/21/2020,75,PM2.5,Pala Airpad,06-073-1201,AQS,7,48,0,24,75,17
10/22/2020,78,PM2.5,Pala Airpad,06-073-1201,AQS,7,50,0,.,78,20
10/23/2020,79,PM2.5,Pala Airpad,06-073-1201,AQS,7,47,0,.,79,18
10/24/2020,79,PM2.5,Pala Airpad,06-073-1201,AQS,7,42,0,19,79,9
10/25/2020,72,PM2.5,Pala Airpad,06-073-1201,AQS,5,35,0,.,72,10
10/26/2020,53,PM2.5,Donovan,06-073-1014,AQS,8,44,0,.,53,32
10/27/2020,112,Ozone,Camp Pendleton,06-073-1008,AQS,9,112,0,27,68,41
10/28/2020,93,Ozone,Alpine,06-073-1006,AQS,8,93,0,.,88,34
10/29/2020,123,PM2.5,Pala Airpad,06-073-1201,AQS,11,101,0,.,123,44
10/30/2020,115,PM2.5,Pala Airpad,06-073-1201,AQS,11,74,0,100,115,46
10/31/2020,100,Ozone,Kearny Villa Rd.,06-073-1016,AQS,11,100,0,.,79,39
11/01/2020,86,PM2.5,Pala Airpad,06-073-1201,AQS,11,80,.,.,86,.
11/02/2020,87,Ozone,Alpine,06-073-1006,AirNow,.,87,.,27,81,.
11/03/2020,88,PM2.5,Pala Airpad,06-073-1201,AQS,.,46,.,.,88,.
11/04/2020,92,PM2.5,Pala Airpad,06-073-1201,AQS,.,84,.,.,92,.
11/05/2020,102,PM10,Donovan,06-073-1014,AQS,.,44,.,102,101,.
11/06/2020,85,PM2.5,Pala Airpad,06-073-1201,AQS,.,42,.,.,85,.
11/07/2020,97,PM2.5,Pala Airpad,06-073-1201,AQS,.,42,.,.,97,.
11/08/2020,57,PM2.5,Pala Airpad,06-073-1201,AQS,.,38,.,12,57,.
11/09/2020,64,PM2.5,Pala Airpad,06-073-1201,AQS,.,40,.,.,64,.
11/10/2020,60,PM2.5,Pala Airpad,06-073-1201,AQS,.,40,.,.,60,.
11/11/2020,64,PM2.5,Pala Airpad,06-073-1201,AQS,.,44,.,45,64,.
11/12/2020,71,PM2.5,Pala Airpad,06-073-1201,AQS,.,49,.,.,71,.
11/13/2020,78,PM2.5,Pala Airpad,06-073-1201,AQS,.,47,.,.,78,.
11/14/2020,83,PM2.5,Pala Airpad,06-073-1201,AQS,.,44,.,22,83,.
11/15/2020,83,PM2.5,Pala Airpad,06-073-1201,AQS,.,46,.,.,83,.
11/16/2020,72,PM2.5,Pala Airpad,06-073-1201,AQS,.,42,.,.,72,.
11/17/2020,72,PM10,Donovan,06-073-1014,AQS,.,44,.,72,59,.
11/18/2020,68,PM2.5,Donovan,06-073-1014,AirNow,.,38,.,.,68,.
11/19/2020,81,PM2.5,Pala Airpad,06-073-1201,AQS,.,35,.,.,81,.
11/20/2020,76,PM2.5,Pala Airpad,06-073-1201,AQS,.,43,.,26,76,.
11/21/2020,93,PM2.5,Donovan,06-073-1014,AirNow,.,49,.,.,93,.
11/22/2020,97,PM2.5,Pala Airpad,06-073-1201,AQS,.,58,.,.,97,.
11/23/2020,104,PM2.5,Pala Airpad,06-073-1201,AQS,.,40,.,54,104,.
11/24/2020,104,PM2.5,Pala Airpad,06-073-1201,AQS,.,41,.,.,104,.
11/25/2020,98,PM2.5,Pala Airpad,06-073-1201,AQS,.,45,.,.,98,.
11/26/2020,101,PM2.5,Pala Airpad,06-073-1201,AQS,.,49,.,24,101,.
11/27/2020,93,PM2.5,Pala Airpad,06-073-1201,AQS,.,36,.,.,93,.
11/28/2020,65,PM2.5,Pala Airpad,06-073-1201,AQS,.,43,.,.,65,.
11/29/2020,67,PM2.5,Pala Airpad,06-073-1201,AQS,.,42,.,42,67,.
11/30/2020,71,PM2.5,Pala Airpad,06-073-1201,AQS,.,37,.,.,71,.
12/01/2020,74,PM2.5,Pala Airpad,06-073-1201,AQS,.,40,.,.,74,.
12/02/2020,72,PM2.5,Pala Airpad,06-073-1201,AQS,.,43,.,.,72,.
12/03/2020,70,PM2.5,Pala Airpad,06-073-1201,AQS,.,46,.,.,70,.
12/04/2020,60,PM2.5,Pala Airpad,06-073-1201,AQS,.,39,.,.,60,.
12/05/2020,70,PM2.5,Pala Airpad,06-073-1201,AQS,.,42,.,58,70,.
12/06/2020,83,PM2.5,Pala Airpad,06-073-1201,AQS,.,46,.,.,83,.
12/07/2020,92,PM2.5,Pala Airpad,06-073-1201,AQS,.,40,.,.,92,.
12/08/2020,95,PM2.5,Donovan,06-073-1014,AirNow,.,37,.,.,95,.
12/09/2020,71,PM2.5,Pala Airpad,06-073-1201,AQS,.,40,.,31,71,.
12/10/2020,97,PM2.5,Pala Airpad,06-073-1201,AQS,.,42,.,.,97,.
12/11/2020,93,PM2.5,Pala Airpad,06-073-1201,AQS,.,40,.,59,93,.
12/12/2020,98,PM2.5,Pala Airpad,06-073-1201,AQS,.,39,.,.,98,.
12/13/2020,100,PM2.5,Pala Airpad,06-073-1201,AQS,.,41,.,.,100,.
12/14/2020,88,PM2.5,Pala Airpad,06-073-1201,AQS,.,34,.,23,88,.
12/15/2020,92,PM2.5,Pala Airpad,06-073-1201,AQS,.,40,.,.,92,.
12/16/2020,76,PM2.5,Pala Airpad,06-073-1201,AQS,.,37,.,.,76,.
12/17/2020,75,PM2.5,Pala Airpad,06-073-1201,AQS,.,37,.,25,75,.
12/18/2020,83,PM2.5,Pala Airpad,06-073-1201,AQS,.,40,.,31,83,.
12/19/2020,80,PM2.5,Pala Airpad,06-073-1201,AQS,.,44,.,.,80,.
12/20/2020,76,PM2.5,Pala Airpad,06-073-1201,AQS,.,45,.,31,76,.
12/21/2020,74,PM2.5,Pala Airpad,06-073-1201,AQS,.,43,.,.,74,.
12/22/2020,78,PM2.5,Pala Airpad,06-073-1201,AQS,.,44,.,.,78,.
12/23/2020,92,PM2.5,Pala Airpad,06-073-1201,AQS,.,44,.,61,92,.
12/24/2020,92,PM2.5,Pala Airpad,06-073-1201,AQS,.,41,.,.,92,.
12/25/2020,81,PM2.5,Pala Airpad,06-073-1201,AQS,.,42,.,.,81,.
12/26/2020,82,PM2.5,Pala Airpad,06-073-1201,AQS,.,44,.,22,82,.
12/27/2020,92,PM2.5,Pala Airpad,06-073-1201,AQS,.,36,.,.,92,.
12/28/2020,101,PM2.5,Pala Airpad,06-073-1201,AQS,.,41,.,.,101,.
12/29/2020,74,PM2.5,Pala Airpad,06-073-1201,AQS,.,37,.,13,74,.
12/30/2020,72,PM2.5,Pala Airpad,06-073-1201,AQS,.,37,.,.,72,.
12/31/2020,82,PM2.5,El Cajon - Lexington Elementary School,06-073-1022,AQS,.,38,.,.,82,.
01/01/2021,92,PM2.5,El Cajon - Lexington Elementary School,06-073-1022,AirNow,,39,,,92,
01/02/2021,61,PM2.5,El Cajon - Lexington Elementary School,06-073-1022,AirNow,,42,,,61,
01/03/2021,63,PM2.5,El Cajon - Lexington Elementary School,06-073-1022,AirNow,,42,,,63,
01/04/2021,58,PM2.5,El Cajon - Lexington Elementary School,06-073-1022,AirNow,,40,,,58,
01/05/2021,66,PM2.5,Donovan,06-073-1014,AirNow,,40,,,66,
01/06/2021,73,PM2.5,Donovan,06-073-1014,AirNow,,39,,,73,
01/07/2021,67,PM2.5,Donovan,06-073-1014,AirNow,,39,,,67,
01/11/2021,44,PM2.5,El Cajon - Lexington Elementary School,06-073-1022,AirNow,,42,,,44,
01/12/2021,48,PM2.5,El Cajon - Lexington Elementary School,06-073-1022,AirNow,,45,,,48,
01/13/2021,53,PM2.5,Donovan,06-073-1014,AirNow,,43,,,53,
01/14/2021,49,PM2.5,Camp Pendleton,06-073-1008,AirNow,,40,,,49,
01/15/2021,44,Ozone,Alpine,06-073-1006,AirNow,,44,,,30,
01/16/2021,55,PM2.5,El Cajon - Lexington Elementary School,06-073-1022,AirNow,,51,,,55,
01/17/2021,59,PM2.5,San Diego - Sherman Elementary School,06-073-1026,AirNow,,45,,,59,
01/18/2021,52,PM2.5,El Cajon - Lexington Elementary School,06-073-1022,AirNow,,44,,,52,
01/19/2021,40,Ozone,Alpine,06-073-1006,AirNow,,40,,,36,
01/20/2021,38,Ozone,Alpine,06-073-1006,AirNow,,38,,,25,
01/21/2021,36,Ozone,Alpine,06-073-1006,AirNow,,36,,,30,
01/22/2021,42,PM2.5,Donovan,06-073-1014,AirNow,,37,,,42,
01/23/2021,34,Ozone,Alpine,06-073-1006,AirNow,,34,,,23,
01/24/2021,40,Ozone,Chula Vista,06-073-0001,AirNow,,40,,,31,
01/25/2021,42,Ozone,Chula Vista,06-073-0001,AirNow,,42,,,20,
01/26/2021,40,Ozone,Alpine,06-073-1006,AirNow,,40,,,30,
01/27/2021,41,Ozone,Alpine,06-073-1006,AirNow,,41,,,39,
01/28/2021,46,PM2.5,Donovan,06-073-1014,AirNow,,40,,,46,
01/29/2021,37,Ozone,Chula Vista,06-073-0001,AirNow,,37,,,22,
01/30/2021,58,PM2.5,El Cajon - Lexington Elementary School,06-073-1022,AirNow,,41,,,58,
01/31/2021,54,PM2.5,El Cajon - Lexington Elementary School,06-073-1022,AirNow,,41,,,54,
02/01/2021,56,PM2.5,El Cajon - Lexington Elementary School,06-073-1022,AirNow,,35,,,56,
02/02/2021,55,PM2.5,Donovan,06-073-1014,AirNow,,35,,,55,
02/03/2021,63,PM2.5,Donovan,06-073-1014,AirNow,,38,,,63,
02/04/2021,54,PM2.5,El Cajon - Lexington Elementary School,06-073-1022,AirNow,,43,,,54,
02/05/2021,60,PM2.5,Donovan,06-073-1014,AirNow,,48,,,60,
02/06/2021,62,PM2.5,El Cajon - Lexington Elementary School,06-073-1022,AirNow,,58,,,62,
02/07/2021,77,Ozone,Alpine,06-073-1006,AirNow,,77,,,74,
02/08/2021,65,PM2.5,Donovan,06-073-1014,AirNow,,51,,,65,
02/09/2021,60,PM2.5,Donovan,06-073-1014,AirNow,,40,,,60,
02/10/2021,43,PM2.5,Donovan,06-073-1014,AirNow,,43,,,43,
02/11/2021,56,PM2.5,Donovan,06-073-1014,AirNow,,48,,,56,
02/12/2021,43,PM2.5,El Cajon - Lexington Elementary School,06-073-1022,AirNow,,37,,,43,
02/13/2021,41,PM2.5,Donovan,06-073-1014,AirNow,,38,,,41,
02/14/2021,42,Ozone,Alpine,06-073-1006,AirNow,,42,,,39,
02/15/2021,51,PM2.5,Donovan,06-073-1014,AirNow,,40,,,51,
02/16/2021,40,Ozone,Alpine,06-073-1006,AirNow,,40,,,31,
02/17/2021,56,PM2.5,Donovan,06-073-1014,AirNow,,46,,,56,
02/18/2021,43,Ozone,Alpine,06-073-1006,AirNow,,43,,,34,
02/19/2021,48,Ozone,Alpine,06-073-1006,AirNow,,48,,,43,
02/20/2021,57,PM2.5,Donovan,06-073-1014,AirNow,,44,,,57,
02/21/2021,44,Ozone,Alpine,06-073-1006,AirNow,,44,,,33,
02/22/2021,44,Ozone,Alpine,06-073-1006,AirNow,,44,,,34,
02/23/2021,61,Ozone,Alpine,06-073-1006,AirNow,,61,,,59,
02/24/2021,71,Ozone,Alpine,06-073-1006,AirNow,,71,,,54,
02/25/2021,63,PM2.5,Donovan,06-073-1014,AirNow,,49,,,63,
02/26/2021,83,PM2.5,Donovan,06-073-1014,AirNow,,67,,,83,
02/27/2021,74,PM2.5,Donovan,06-073-1014,AirNow,,74,,,74,
02/28/2021,45,Ozone,Alpine,06-073-1006,AirNow,,45,,,40,
03/01/2021,46,Ozone,Alpine,06-073-1006,AirNow,,46,,,33,
03/02/2021,50,Ozone,Alpine,06-073-1006,AirNow,,50,,,33,
03/03/2021,48,PM2.5,Donovan,06-073-1014,AirNow,,44,,,48,
03/04/2021,47,Ozone,Alpine,06-073-1006,AirNow,,47,,,17,
03/05/2021,50,Ozone,Alpine,06-073-1006,AirNow,,50,,,41,
03/06/2021,47,Ozone,Alpine,06-073-1006,AirNow,,47,,,35,
03/07/2021,44,Ozone,Alpine,06-073-1006,AirNow,,44,,,29,
03/08/2021,48,Ozone,Alpine,06-073-1006,AirNow,,48,,,28,
03/09/2021,44,Ozone,Chula Vista,06-073-0001,AirNow,,44,,,29,
03/10/2021,44,Ozone,Kearny Villa Rd.,06-073-1016,AirNow,,44,,,20,
03/11/2021,45,Ozone,Chula Vista,06-073-0001,AirNow,,45,,,15,
03/12/2021,47,Ozone,Chula Vista,06-073-0001,AirNow,,47,,,13,
03/13/2021,43,Ozone,Camp Pendleton,06-073-1008,AirNow,,43,,,39,
03/14/2021,46,Ozone,Alpine,06-073-1006,AirNow,,46,,,42,
03/15/2021,44,Ozone,San Diego - Sherman Elementary School,06-073-1026,AirNow,,44,,,21,
03/16/2021,44,Ozone,Alpine,06-073-1006,AirNow,,44,,,24,
03/17/2021,48,Ozone,Alpine,06-073-1006,AirNow,,48,,,28,
03/18/2021,58,Ozone,Alpine,06-073-1006,AirNow,,58,,,39,
03/19/2021,58,Ozone,Alpine,06-073-1006,AirNow,,58,,,35,
03/20/2021,42,Ozone,Chula Vista,06-073-0001,AirNow,,42,,,23,
03/21/2021,48,Ozone,Alpine,06-073-1006,AirNow,,48,,,44,
03/22/2021,50,Ozone,Alpine,06-073-1006,AirNow,,50,,,48,
03/23/2021,44,Ozone,Alpine,06-073-1006,AirNow,,44,,,42,
03/24/2021,52,PM2.5,Donovan,06-073-1014,AirNow,,49,,,52,
